-0,119286220251696;-0,127826608599286;-0,195737376909287;0,159619255814854;0,180067418594697;0,0130711013935581;0,166007700671178;0,176393701515938;0,0377755510451383;-0,130755573423008;0,236508336415564;-0,126615064955961;0,260055973644452;-0,279326333507647;-0,29042577074508;0,22762227617492;-0,195602094278929;0,217477102771835;0,22182075325165;-0,0398803635882587;-0,261721188906694;-0,0646316409784243;0,162927683883475;0,257481404215259;0,0558579098630026;0,124359436789883;-0,178219045266194;-0,0849794882289677;0,108188154225354;0,0544224096827861;0,0222449510929825;0,289913050147251;0,146309973159838;0,0828646573171186;0,0326838936805267;0,132890475454112;0,194136030845791;-0,0699853309618656;-0,0415247811111926;-0,282756091423133;0,214962901283139;0,180604907894179;0,194457030955964;0,193873863677719;0,0800690903514712;0,13230354025564;0,243357255343138;-0,28969043314688;-0,19578833425379;0,190519639865908;0,12005208482596;0,247084862506724;-0,149535664544121;-0,277186084971543;-0,0255638038852867;0,236031836636178;-6,78765733104179E-05;-0,162532365215096;-0,186925069957598;-0,234978434104635;-0,0993962692496979;-0,0396992270093046;-0,222480868618866;0,274039557271802;0,13768589139346;0,237281702177763;0,0177613777936509;-0,113495099582116;-0,0213238112787241;-0,132629830289742;-0,257200170580321;0
0,165069652592386;-0,0316845320264225;0,213890428765334;0,0358431510380525;-0,151639680891423;0,031597743975062;0,259740236115205;-0,113274102045662;0,214240785516813;0,171688597356195;-0,179215028028764;-0,179877569884628;0,208354930268896;0,225056740766276;0,0658465044957079;0,148762298781922;0,132809642221931;-0,182257954707045;0,0873384729537986;-0,157728063882027;0,0659819801514369;-0,173746676913717;-0,0972327629160074;0,107326593736015;-0,0360242876170066;0,112399360603595;0,211103889593611;-0,23449844362519;0,133473804083158;-0,176144253447461;0,0661659390158041;0,0223197940412945;0,227527911945403;0,15703339453678;0,245668848143024;-0,0119170213763029;-0,0727396774000044;-0,0223428201001456;-0,164610538903313;-0,0862523232483339;0,0308783032209342;0,241428152740017;-0,110479439564961;-0,11598061555138;-0,210867657130384;-0,150508073034127;-0,140149382978311;-0,241703599403924;-0,218847029011698;-0,202167012513609;0,17563815148117;-0,221923560784521;0,182024131676927;-0,265588182317165;-0,0324957348223084;0,0481299135966533;-0,225138185019865;-0,184122580880131;-0,218818977254391;0,026647374414432;0,111180270290901;0,203552263830946;0,0439385097806295;0,0996986230548236;-0,185163757569059;0,0891515938393912;-0,11671906592058;-0,239364880177334;0,270074308532702;-0,212922890037439;-0,0691844397275239;0
-0,135533953587373;0,273039000105719;-0,117095619707317;0,102080048806489;0,11524024332087;0,227419178560694;-0,271938563274078;0,0275078349569482;-0,17620263049233;-0,0381376723275438;0,162121073088085;0,275035001295958;0,0449544006873169;-0,0610959890191806;-0,00259691610912448;0,130982078273817;0,202429678353118;-0,101157286550362;-0,0931474813630797;-0,0774652522658878;-0,179303512429324;-0,0942102587552047;0,0994285025917046;0,0932538223702155;0,118012455299438;-0,0931967729500626;0,0805083532896651;-0,22150327389177;-0,00933283506032476;0,256897408795904;-0,191470918710427;-0,221091492027176;0,284762276935191;0,157703843123365;0,0204856891590927;-0,20427614498079;0,00843333547479473;-0,0769818152142037;0,142950437766271;0,111397150945409;-0,243886037655238;0,0790560000723711;0,248070069147389;-0,225901369167474;0,239745613112265;0,219203678444438;0,289670525002763;-0,129891803835446;0,108119574449515;0,248855931475024;-0,0284623283642482;0,152478822282477;0,0725353739863321;0,155228778137899;-0,18056734320765;0,249362721077282;-0,117075918395436;0,080336973831917;0,2747540094165;-0,0822493996385173;-0,143775590638421;0,240251126527143;-0,253845745892177;-0,142413623378784;-0,137353169526567;0,0925261492058118;0,280959140270217;0,177936973473402;0,209104737731177;-0,0890071870377844;-0,168137673110427;0
-0,0112749223421286;0,0465786915928168;0,0861417836009609;-0,1242656305201;0,0323269034077552;-0,051593911993144;0,0346434558497289;0,1441946251674;0,189495192764451;-0,0921808820433752;-0,0802862587843391;-0,0389364324318354;0,0324976493741013;-0,00532667874929787;-0,0532633250834546;-0,00294045010405852;-0,161152917112158;0,0475847704215655;0,061809383991261;0,203486189324096;0,218782777552328;-0,0610494087212539;-0,0654865785046612;-0,0355136743256195;-0,19345074827293;0,0422153300550982;0,0997972766167232;0,202138216268542;-0,143466952002997;0,22893095408367;-0,178952864380089;-0,0483101256571724;-0,0935596544221506;0,126307188676001;0,27349900988733;-0,184786285219789;0,277080006294821;-0,011192007251451;0,0777921692940445;0,0102702171609756;0,138967041664285;0,226828764573967;-0,205427599257401;-0,280754933504592;0,227197084055368;-0,0114988569504717;0,00434302064317161;0,153599471279964;0,206596571466338;-0,19521981659958;0,151425641472925;-0,160334212857614;-0,143391062169534;-0,00180696045243028;-0,0962340347533052;-0,240911929530325;-0,178621145811972;-0,169030957982869;-0,22150129815662;0,280797989262107;0,139295227299583;0,123191655490637;-0,00302483873905296;0,25125065459023;-0,203914433572736;0,258710282782283;-0,236063193919135;0,19687687660755;0,0118607272728217;-0,159163455773115;0,0106659595105703;0
0,140725506048743;0,260479017036971;-0,239147249079165;-0,226167268249639;0,282640428887811;-0,146308225373303;-0,0754180609095191;0,0279756575284625;0,108734524586991;-0,252814106497523;0,236884221246209;0,286228060711654;-0,238933551312867;-0,213181103298705;0,272067764386975;-0,195605479397088;0,19893372193973;-0,0681451924801433;0,223724523508205;0,284521276501632;0,155424548368241;-0,0803771250042811;0,0876805959413875;0,161661405770843;-0,274911029735801;-0,0608328125964304;-0,165991837938181;0,213845915977594;0,259173217182535;-0,0661220789407868;0,0981525599450716;-0,148947671902308;0,0750736113300031;0,0848006397993;-0,279986280485268;-0,130126813985135;-0,19493022899982;-0,0663261081122411;-0,0881880477316664;0,196082711752429;0,187483331006997;0,0936798003981179;-0,0395494068341611;0,24292567985018;0,193097421962824;0,127650010688432;-0,054777703335636;0,173745341979485;-0,185295782050261;0,163629346269921;-0,144310499949415;-0,0256643468217567;0,0788226196740666;-0,152998316365298;0,14592782705178;-0,0695837848564258;-0,117887994813867;-0,110122238940557;-0,241942654423288;0,0527868255747916;-0,271002803344572;0,00142243902233677;0,0594888562553779;-0,115829812381672;-0,060280250533145;0,095145477239067;-0,0795319665277987;-0,0330477752027169;-0,223881238722887;0,11150816246266;0,290011165512181;0
-0,0254265858574792;-0,270643560657927;-0,263044604153674;-0,193648470414815;-0,228941667939327;0,24985869773933;0,135441332000657;0,259250399717469;-0,111874624514784;0,284631306648656;-0,0490507640082157;0,108455282118405;-0,195142544996837;-0,212497994900822;-0,166869509142622;0,0629161243330755;-0,0626144882141493;0,22955922865697;0,0802839202806079;0,278447596738181;0,205878425850188;-0,115069869598403;0,149711542602992;0,176399099187551;-0,10462552392479;-0,25649547176671;-0,214406010361939;0,0125195144738754;-0,192734471185693;-0,083504438693219;0,268956487776531;0,106940164792921;-0,00611752860347118;0,16430459666719;0,171802501817515;-0,0457072020732798;0,0511808079182902;-0,250036261859933;0,084183079081657;-0,0287560666863058;0,0373570890949263;-0,0786862227485765;0,160618386000946;0,058841934835586;0,0687343765730932;0,183653572813381;-0,0360550146572352;-0,1940182333903;-0,184097157299973;-0,258457063003458;0,2737689375958;0,0280794120497628;-0,0134787430940445;0,123746981633928;-0,206553676247456;-0,201043132168526;-0,129668687351469;-0,148757287431775;0,201663469419425;-0,263132612082067;0,173578292191819;-0,167764598382668;0,161298454993713;0,262316230087885;-0,275011597037325;0,134695487108313;-0,176113605187573;-0,0687607257545769;-0,093614080808887;0,169524108840108;-0,278951099494665;0
-0,103264642263666;-0,145310266334137;-0,181646428942536;-0,0495959082661948;-0,00612176731068578;0,0149981603101006;-0,199816808142044;-0,183021693294992;0,00240731917127889;0,0702459587999752;0,27029863893781;-0,0940697441356012;-0,224963824091685;-0,0665869603795695;-0,0498093401826818;-0,170267508022484;0,16082190567205;0,0801718570051961;0,0821592180765906;-0,206724930631261;-0,090748320559385;-0,161013315369908;0,0566292752542743;0,0883520570313249;-0,0855647284318553;0,0507017381671609;0,188988571822511;0,0431671159634614;0,22472530537423;0,069080762091505;-0,257980704812108;0,190282263328037;-0,0629348502306315;-0,270192379418244;0,0863471639500168;-0,11729673752555;-0,122518730060958;-0,117343526009327;0,0902545069726796;0,0746451234308235;-0,220538295118875;-0,256422010046233;-0,0914302656613038;-0,0426921549725925;0,193966069163459;0,216991561662383;0,0955758631759474;0,0382167745580048;0,0654841590548063;0,0142765792213468;-0,0462490949501739;0,141753833149677;0,114913117023972;0,085562623561919;0,10248363697417;-0,232937742803208;0,0887468743210389;0,0206879299355888;-0,254717595743789;0,233862910431603;0,11669600439704;0,0477024918039445;-0,117060582759772;0,224012972989224;0,0375402477026335;-0,210670040299677;0,25955152200448;-0,245457860582891;0,137752291579864;-0,223199018566581;0,242937637947924;0
-0,0125209842280728;0,280603765941967;-0,283172321263683;-0,276873051421836;-0,125012726422602;0,221103366200846;-0,191364985682583;0,185072403777316;-0,0118698741847883;0,245812290900663;-0,139914618644944;0,268369372818105;-0,0802376897565664;-0,175356558867771;-0,109048122052335;-0,215317269605385;0,142188942116899;-0,081989600482964;0,028598490843775;0,0846428040628606;0,147479755912903;-0,153312346174987;0,147078012450526;0,248635534943234;0,0224456289866307;0,15132498862299;-0,0247568227410777;0,210454013234224;0,113949693553686;0,248126455567352;0,0503473078493885;0,191150898887591;-0,00200323828806231;0,0620253571828725;0,256958305187349;0,15183648311716;0,107399022378205;0,071749259074305;-0,0631900525126775;-0,163354693094604;-0,0105745559058279;0,126301942067723;0,0478386943504488;0,27873703544039;-0,034075792867466;0,0700195348952894;0,253863522906244;0,108683115947545;-0,144098046154481;-0,286039186603742;-0,173323836021869;0,127218155809523;-0,181532615173361;-0,017155406719992;-0,195228533874429;-0,149895053962535;-0,15716066241801;-0,241121440297467;-0,00863226449901673;0,0143487008638581;-0,0448262269675266;-0,111132583007357;-0,21956370568582;0,0306900861573092;-0,095221432858175;-0,0403791016230853;-0,0203138048032826;0,148423368970011;-0,14162844814567;0,0298018107399543;-0,0320298760741404;0
-0,220246732866856;0,271886867939163;-0,0987332319710711;-0,195469055940761;-0,26950860206427;0,0895353753840137;0,159027392919587;-0,00797508809875032;0,243112510000791;0,188147881626196;0,157246477220827;0,0638656434792553;0,109302464247978;0,130763875679772;0,213815567949316;0,0819970981515026;-0,27553424747752;-0,0334325248521489;0,116166943240434;0,0183107296257202;0,0578340467662219;-0,210304892336128;0,213147662532914;0,172157949782373;-0,190128388807921;0,0551792318440924;-0,27353780771631;0,0832720523891147;-0,284383107153831;-0,200353076210878;-0,185246261973217;-0,040374851816235;0,116786559015014;0,0366771053798485;-0,243763519064463;0,146017703779809;0,20788703270716;-0,11237276668868;-0,216406347719609;0,0512559865629008;-0,0255016394281463;0,0575400637107338;0,038941641409642;0,116887235147113;0,088613711721096;0,115688189422837;-0,0381797540243473;0,190612626386988;-0,0183505848980405;0,168310216134862;-0,0354659732352122;-0,10883052208729;0,0328910245233458;-0,279195334795216;0,200822493069088;0,280744575378723;-0,231947210503201;0,0197952341560061;0,285345748776609;-0,0340014179989122;0,0723867671908741;-0,214931075378978;-0,0142783968543696;0,152779170302219;0,0827077276899624;-0,0930650868723876;0,237765500373691;-0,218061057041321;0,0838409788347851;-0,222888551739944;0,164796481353793;0
0,12752493512061;-0,10771259304199;-0,225775459231916;-0,246874046855583;-0,290392432853962;0,0414398821636798;-0,194425988523648;-0,207142177848173;-0,0151301623213082;-0,19732743004101;-0,173464018193848;-0,189063778622295;-0,162006907379243;0,125799312933784;0,214270676023523;0,217420539569869;0,10529547790078;0,126541028220211;-0,233821678533736;0,0872784983735605;-0,102594617358296;-0,10703209955584;0,108281486188753;0,269555635281477;-0,101256979958618;-0,218867955344347;0,176848887016873;-0,2565069084523;-0,109007617315966;0,168609104958597;-0,110805112892476;-0,183914768357247;-0,0861484490675466;-0,287172681128381;0,127695507553628;0,28956848686415;-0,0320199321541877;0,258365127969818;0,200528510013599;-0,0513817226944072;0,253165193929897;-0,0637490039052706;0,00978949518846733;-0,127360403867352;-0,0448356305247279;0,264819119152766;-0,142957905384577;-0,263706558541015;0,159123467575889;-0,0197992105328068;-0,158216393436539;-0,0539156693520818;0,0269762414590712;-0,0194806342040545;-0,0232953171973606;-0,0561293812330003;0,0746923366787066;-0,204644678603943;0,145069349012485;0,219161938399835;0,155277411056257;-0,228605495980798;0,192551855377243;0,106947148629545;0,204164098760916;-0,28023566574605;0,187771086354702;-0,165520642160312;0,288790221289606;0,215388605068823;-0,0412459441853931;0
0,137616765840413;0,216698934116061;0,108246460070121;0,124799720353113;0,251840802456424;0,173864821165143;-0,0550445258533447;0,0237048498967545;-0,0753896832019346;0,21477636594968;0,149869029648437;-0,124943960118739;0,20147800912629;0,0361390824856863;0,233796972369055;0,0797954060931313;0,224018601045958;0,0268090519784297;-0,106861527122822;-0,0758102657240066;-0,118061669459694;-0,177390636952117;0,272052987523215;0,0840272821587855;0,191084274001245;0,0343855566269362;0,193528762468372;-0,040838086718818;-0,0552863806881273;-0,213638383111385;-0,268123679133715;-0,261810363921171;0,234421278416516;-0,269239682256864;-0,00514674336750227;0,0200718124413067;0,2094161972984;0,146406061352282;0,0155502962556651;0,0606922135113066;-0,160949553377399;0,0623368874087523;-0,0702273836950307;-0,286300843459295;-0,28527803450163;0,187024880047391;0,281760262160403;-0,219878349765591;0,261053542301311;-0,0693446559297318;0,254438901218194;0,0983567217707084;0,104965332502978;0,000512454883379706;-0,213870690635149;0,0243209868830797;0,235332362502297;-0,266467237998114;0,224401862261318;-0,073231170079962;0,271022474606221;0,276479976774923;-0,211695185324568;-0,152437715999999;0,192213629173945;0,120992977660159;-0,0686788226258056;0,180031275473704;-0,249400590056261;-0,0769612559817012;0,161065624704181;0
-0,213073876215774;-0,279427660186685;0,123132675275321;-0,205547128256058;0,110287859041003;0,183523162652364;0,26766741507306;0,0786189007509657;-0,286627021955595;0,0433117103759835;0,122720696324513;-0,0112052131106787;-0,276628140667845;-0,177390868420129;-0,0757939849949735;-0,0760892805146998;-0,0567775923763134;0,235317424287735;0,261218685658868;0,07542586584846;0,185197019387065;0,212690615000414;-0,201904949573823;0,0803561548145357;-0,146743114242872;-0,0166543431761295;-0,208476083604481;-0,187828056723791;-0,115584596252339;-0,0349827132362533;-0,188957429222751;-0,26116417561878;0,0473283823735619;0,060276135275537;0,176826361524518;0,0870979660479437;0,272519073137107;-0,0846268327700123;-0,0334721337667018;0,131484240140166;0,258351363338686;-0,0543997228396303;0,220342468307463;0,174143535453504;-0,142384637627743;-0,00300122602384795;-0,225753460566173;-0,26573326348932;-0,0226788017405311;-0,0936041577345915;0,278785185659958;0,235400267095419;-0,219932859805679;0,138299294079289;0,266555021226566;-0,135078075306739;0,213163705296588;-0,247909895448664;0,231882401896264;-0,163744213692317;0,101312830347395;0,164809055887401;-0,0964829189061454;0,0390421071901079;-0,0584172763107151;0,0931984560338432;0,232152820425209;-0,0462178600339325;-0,0635308140351976;0,127794464866533;-0,0579219377423568;0
-0,262837175515751;-0,0218968578550133;-0,160951970390748;0,107760918419223;-0,051089673682755;0,283034562602401;-0,0853620691178774;-0,0679456234671716;0,146944527690426;-0,0815872985194069;-0,233429236024611;0,12553716092619;0,268705977391703;-0,0230814829867611;-0,133671280408721;0,24945510009635;0,199715504203723;0,0844075299584205;0,021218020921807;0,164620676660806;0,229742552676321;-0,0258228187568264;-0,160414335983834;-0,260515006116679;-0,197144108458165;-0,248603219842935;-0,109386054792095;-0,0581256041452304;0,0551033222478641;0,0555323694603926;0,11115081537721;0,0884839664553276;0,140213149302386;0,255004195917215;0,250935945266259;-0,0333892909590175;0,231705526494519;-0,260148040249385;0,0269582789998715;-0,12742622199969;0,00783935850501493;0,110722143927957;-0,205748541703612;0,20852950073654;0,0440556504625565;-0,251414520948239;-0,0745024803883981;-0,228562825732581;-0,215432411811444;0,134429771846944;-0,258249099687964;0,160061025917097;0,205937580952445;0,253860204115177;0,00302192549077195;0,0536720591505253;-0,152168937780629;-0,191123380183519;0,0142186109679381;-0,0931728697492702;0,101734201485046;0,263449950936803;0,167637470194414;-0,199274257679417;0,0979483020128333;-0,031226786570489;0,276010427533254;-0,276984634434963;0,0166689876564302;0,190404426459747;-0,272936842307619;0
0,169177128543658;-0,233237164950901;-0,142042172987953;-0,133905097753659;-0,171666007161086;-0,110760692962664;-0,0782574208109241;-0,0138842406697855;-0,236416003419376;0,116585676454913;-0,171509644968963;-0,133379608243236;0,21135996631037;0,0230950532389064;0,241776205369563;0,173232801412332;0,177039361096659;-0,0387041454830066;-0,0934225297937165;-0,171906769087839;0,132142490768588;0,0163197646921273;-0,170555267160308;0,0615259924247143;0,0350758234776619;0,233771089642993;0,284212131885255;-0,180105217185744;-0,215403978876405;-0,236738532572043;-0,0882042618628855;0,0454546025204387;-0,115150422361741;0,116680198245113;-0,136739812322171;0,102611774958548;0,0572933380309486;0,0970788859593853;-0,115998483257592;-0,12625366379626;0,216774898939745;0,113447276395716;-0,0400518015221363;0,0809278697052665;-0,0174425694554407;0,106143143270589;0,246963919793494;0,0683171049911269;0,14685851255272;0,0862268279266288;-0,191715349472855;0,0524059269574941;-0,180594898459303;0,0716247796381356;-0,114392917166757;-0,13782905205792;0,228004518118857;0,0871182504967825;0,121705494678129;-0,114750680894629;-0,104286408938469;-0,18883861953463;-0,0891666777028309;-0,290363886756782;-0,0858964775916512;0,0737221684200477;0,272457230027956;-0,196006647844192;-0,130851550348372;-0,151521985498435;-0,174746952528066;0
-0,210725940772176;-0,213392078134865;-0,257855281906906;-0,097995252118134;-0,271991201536579;-0,234314849695186;0,0392032790438753;-0,211717854029295;0,219619096116523;0,277493585758949;-0,074791389015322;-0,0362773138290142;-0,0109443908935834;0,245663232810262;0,15007622708907;-0,064636914929708;0,103911213909573;-0,0596133004975806;-0,289597176173702;0,165293672749141;0,260861503443616;0,266059807190706;0,289438613546487;0,268719161051659;0,114927102564926;-0,0880724618109027;-0,0403743306748039;-0,123862068612532;0,199521678033962;0,124372329152083;0,152284151728236;-0,0915177605699509;0,00769408214170581;-0,0297126354547547;-0,27167582461013;-0,0248884108170913;-0,213426032461847;-0,12106638415318;-0,133088131539628;-0,194200618272183;-0,101885176834468;0,00814968861662751;0,192772814471056;-0,101557850744128;0,261191395986303;0,138125110203834;0,212464129100202;-0,245340703657595;0,0547137112287283;-0,152327332559694;-0,122140399791067;0,154293068562838;-0,13194079008412;-0,0261292423381262;-0,144922040062232;-0,186099332053432;-0,212144275771902;-0,235888027049115;0,0777640612263902;0,106767676183774;0,0967458968890675;-0,127621068253042;-0,120553116153807;-0,19543964894501;-0,165476981878737;-0,273960044354821;0,24671501993873;-0,271918171348279;0,226652641510942;-0,115721778003288;-0,141897298377311;0
-0,0657088178466967;-0,217211584867402;0,195289858007931;-0,023507566325841;-0,0379746010824614;-0,2173994231898;0,100310048381165;-0,283158650844094;0,267488408270542;-0,00985017500165518;-0,085720042926659;0,112110636068189;0,0611625946842059;-0,0441736869662995;0,288677499074847;-0,250263386395281;-0,256863091429618;-0,175477011301972;0,205109923352752;-0,10343055095464;-0,268224421322182;0,0918559705298794;0,0508306081860478;-0,000260099251800766;-0,264950524490876;-0,161983611139016;0,0975260475066164;-0,226767284774841;0,244465024431674;0,182096506174554;0,193695884539031;-0,181306929259087;-0,120250926677433;0,280256381727067;0,234254833965079;0,0808182375207909;-0,0365442321826017;0,288064739897165;0,183738976929679;-0,259386324773082;-0,021767908243617;-0,243415792114472;0,100962068865298;-0,174068564724021;-0,108220476093723;0,0509547115882183;0,108970705071437;0,139420453930739;-0,163468065044134;0,266989757949909;0,212891695458898;0,194245255863144;-0,26914369775126;0,278395188860801;-0,164359292964579;0,133121627532874;0,0226442228559997;-0,0951364586497178;-0,0492434577444152;-0,166677405852896;-0,0242390547869666;0,0363909172465569;-0,236937259366317;-0,205294513813462;0,0871403563687637;-0,195099529577022;-0,0583248531638272;0,0715926288665894;0,0122578949780711;-0,0828271543553934;0,0769672616967711;0
-0,254241415417333;-0,0685295723222012;0,173809832216384;0,209023773198427;0,26587778670174;0,281580317574031;-0,0657872429993814;-0,182726039067527;-0,0252188201696441;0,0197320996989967;0,248792009485327;0,227387196178743;0,268161682391214;0,259891226625106;0,290137044585338;-0,202849647417276;-0,107959699628785;0,153929258782196;-0,189553209477244;-0,232512401244659;-0,232094189442334;0,04662178173213;0,0597299668731245;0,055539145923335;0,232527590419276;0,284207883161296;0,01557016676931;0,0294774948166656;-0,203807362426151;-0,181406851157404;-0,253308339704602;-0,163523856956782;0,210045505220709;-0,100663919656312;0,176446694966781;-0,0279115877241052;-0,152267114058194;-0,221315000247076;-0,139550663756869;0,142227725868293;-0,202254950054069;-0,20309683549164;0,266661778334679;0,104276910357558;0,0176553516371563;0,0996901369772642;-0,214412525848082;-0,174499324529117;0,087689727692876;-0,282936298069196;-0,241051569444492;0,208349785993843;-0,0888753114541344;-0,141001169020184;0,018375035229655;-0,0101767812400129;0,162426876714124;-0,172415729616401;0,267182598688601;0,272356319449894;-0,0246762651047288;0,195421678093403;-0,269605092550826;-0,13449838492169;-0,0176459765058514;0,121629450532659;-0,273344724951416;0,0781391861380758;-0,207241884251125;0,0273622163999927;0,240103882550368;0
-0,177331115291159;0,00279350662961524;-0,0410945194360872;0,26042896471886;0,261689061958757;0,0706464193069012;0,246139472425017;-0,252802621623271;-0,157848962467438;0,207933993099928;-0,100616924611022;0,232474183033239;-0,211557480266405;-0,231041697622362;-0,170971709788995;0,216037870406803;0,0603602583314436;0,171647461023483;-0,104062939702656;0,100347951471221;-0,270537800351243;-0,197811183026227;-0,121220567297313;-0,123782424936428;-0,106990212238022;-0,224178158850264;0,110473747346918;-0,168763529046041;0,186712317013948;0,0823484460192306;-0,00186529607670762;-0,257943856187442;-0,230358904616567;-0,232353764710114;0,226965961756117;-0,0851301365452218;0,242905623891403;-0,110743717829594;0,0473723891803483;0,209863215362536;0,206973820198557;-0,21029952390258;0,134345145246589;-0,226264089559483;-0,214745756403156;0,253633910969613;0,232638803625029;-0,194143103208778;-0,137360682626306;0,196277996035306;-0,0430185673734101;0,197178141024042;0,187507471360981;0,217700680838222;0,219955266992161;-0,270206348174382;-0,166672341982521;-0,207998510409109;0,0767327610474317;0,195180804899571;0,250859087869433;0,124216585561608;-0,148828522727769;0,0504890074227813;-0,0808871267328147;-0,13335948433303;0,172146671740356;-0,269890131465741;-0,167321243469029;0,204844842665676;0,26381866242485;0
-0,119582439748412;-0,166411344066315;-0,023239739155742;0,184060547182113;0,230448139460787;-0,041469912363366;-0,18564289364728;-0,199723084442722;-0,0699377072981853;-0,166130546565843;0,013930434646246;0,259283569489715;0,281120736888091;-0,165319402516809;0,0916429788087;-0,154764911638973;-0,157373169545339;-0,161622615792825;0,206485894021049;-0,20914421047215;0,160217718391062;0,103209937032424;0,142878000190228;0,249690543402553;-0,2079291812725;0,229215414734639;-0,206830278085642;0,145309453082781;0,209300143839324;-0,209199176680193;0,21184251918132;0,263864556169701;-0,0515191093825323;0,223145749519906;-0,214122543534448;0,0729030691809073;-0,0799392053927269;-0,257046282253341;0,280193543440824;0,0619499800984338;-0,271715864244691;0,282410989943063;-0,144015947563833;0,0706249355559636;-0,0537577626862633;0,155619431981342;-0,13926284370641;-0,0748780059698594;0,118156310367935;-0,269280988603507;0,0388334253762451;0,182418900236533;-0,0831207215806279;0,123302637228377;-0,187085471875662;0,0678940391286142;-0,0186029283470925;0,0177561333511548;0,101303312545163;-0,289453691183302;-0,125326050187174;-0,0402659308206113;-0,118336812372596;-0,151424946527443;-0,0872866498377128;0,0407522943859947;0,0201162629627974;-0,232711428541265;-0,241883274891811;-0,271946506281657;0,215860709663203;0
-0,191013303201448;-0,151129743324198;-0,146150501986835;-0,228114762136909;0,168493144357448;-0,0434605313131932;-0,218433351275186;0,0127618901793664;-0,0728621973443926;0,0777918425315991;0,158734143793667;-0,263533273194604;0,187894716533381;0,0426538138530122;-0,261262796964663;0,0562988618408792;0,115864669298541;0,119544805486118;0,00866983324638754;-0,19918041838145;0,192991077165568;-0,0676631788890542;0,278960818714676;-0,103410385623842;0,05923648248537;0,110061386406209;-0,28327741694584;-0,132774830515774;0,196176358837192;-0,155183246890905;-0,197237831074595;-0,123681146987498;0,0994164007401426;-0,19445528235726;-0,060839687331757;0,0428622276512818;-0,227656635503243;0,060730983455836;-0,06489220032366;-0,179331845467643;-0,0908559929813565;-0,285692172737662;-0,116520906019894;-0,076559117805451;0,006626221928609;-0,0674190735354573;-0,0155451129965267;0,0966076555289952;-0,116710268782499;0,275139848454565;0,194938009573707;-0,0615698181179333;0,0401333077712514;0,217920328009243;-0,267816783411815;0,167336291597056;-0,139404146129424;0,247946299546457;0,00333517128717096;-0,232254657958211;-0,0508695302768028;0,205027895150037;0,107271947251624;-0,208365366362938;-0,0156567423032557;-0,00827112512828444;-0,0722632580252966;0,0916635829811908;-0,187192914724681;-0,0134386087064953;-0,00673091856532768;0
-0,235552730066745;-0,106249410099672;-0,10268473719542;0,182361990509356;0,18799683399378;-0,24182868877861;0,0648335206106767;0,180649808356999;-0,164030859888623;-0,165079916506714;-0,0891986565653855;0,274621854176176;0,211722926292077;-0,0594348405551616;0,155018402952788;0,1268719611507;0,17218248864035;-0,217324914854895;0,0625104369806368;-0,108420042128744;-0,18491651914025;-0,233290603740785;-0,123323958274899;0,16222410071861;-0,00519747222194403;-0,102277704079836;-0,198841955566406;0,229784040407255;-0,275789068852557;-0,285842231419611;0,183477719931732;-0,00688584565577397;0,187414755833446;-0,00881564888955693;0,139804323731002;-0,246006823927712;-0,147868370942779;-0,255128078409563;-0,165127201496145;0,118478564466216;0,0864487491693492;-0,223389924719991;-0,123320384733656;0,223511674457952;-0,252357289620867;0,221092456883312;0,186235436868998;0,141755890101674;0,120011270653406;0,155543329630465;0,0462406692438036;0,0183020819266363;0,0409830642041324;-0,195704982487201;-0,112500815334527;0,28842428958349;-0,273611867734223;0,0257775779954199;-0,10312695317815;-0,000411877835834199;0,247699682697246;0,125735896112872;0,165752461300105;-0,168875044378462;-0,0578712205289963;0,208373604999838;-0,20347931756672;-0,0701478407278164;0,0914472516232867;0,11033881097105;-0,015946083815971;0
0,136624151140463;0,238488702550699;0,234718288423871;0,0958176246113567;-0,252213010329709;0,180716196902321;-0,0561492168234012;0,123894974430027;0,0643964868041941;0,00217327496061636;-0,0499114297586304;-0,180913646155601;-0,140645982573572;-0,0413964847539643;-0,125510777904354;0,242817506049544;0,0924333224111973;-0,18700124946448;0,142066450056962;-0,263081372102939;0,117040466971251;0,138685290678036;0,12597109224914;0,16146529767842;0,251399268965927;-0,0984559701106465;-0,245131756264644;-0,00930352092250111;-0,170044478711256;0,133885358540582;-0,0343031383126359;-0,240377777431063;-0,281013956227094;-0,119197002463014;0,20030293401279;0,0704997952853872;0,0969511916897118;-0,000836191189107825;-0,150974220914268;-0,182978323228281;0,0732237649986284;0,192569019474842;0,123162975927106;0,288101263112999;0,00692469654642694;0,0159631263590236;0,0157120279642272;0,163207856284952;-0,223046858534093;0,256242514859745;-0,00522622406846764;-0,173833007172787;0,240067217475775;0,0827337671645385;0,157699865122228;0,288625276371877;-0,17816880560789;-0,217433425163999;0,135104771554879;0,136929375690387;0,135161537257516;0,24384072000855;0,00325303723183306;0,221197544173062;-0,254210002636198;-0,100220068237018;-0,190586105837958;0,269237435798892;0,0489869971426955;0,094675842719709;-0,144820101549618;0
-0,197416902309145;0,254659387359238;0,0343583573757933;-0,0456187211921171;0,215157863405859;-0,27516410115852;0,12855624504559;-0,136145814777457;-0,0552502733025464;0,176518417834576;-0,117653196640146;-0,0769430782978586;-0,13560057766155;-0,1515748333004;-0,151156547049299;-0,189758578997387;-0,0730613074821821;0,0137895483242086;0,202364073550363;-0,0420178150161724;0,023698200944261;0,154745453165463;0,00278281930479497;-0,027453444576347;0,120069460899528;-0,101370433666441;0,192651847663494;0,251624849839747;-0,183541651126005;-0,0841371837124684;0,0371610080747854;-0,176465556767193;-0,0270362853443516;0,110376200499913;-0,0984957376687727;-0,137805978622575;-0,0849775558094685;-0,162333927552794;0,233228417625819;0,273102961620947;-0,0160386347440306;0,209398805522908;-0,100331371052024;0,251097373765261;-0,037871682011788;0,0300973823969584;-0,151832801016067;0,082085961564012;0,187632960322551;-0,20114790514908;0,173161617553674;-0,0352385284347669;0,137309339501782;-0,153992758173569;0,122168113415571;-0,0614759395651576;-0,0388098478550068;-0,22887461395731;0,124998233817804;0,0258418811628494;-0,177129532912565;0,167617811115293;-0,243290579560902;-0,261799505499528;-0,151329006149659;-0,231874055782403;0,240779622955943;0,0447096377479868;0,237607320277823;0,277335847482725;0,185905392721531;0
-0,201413795838838;0,0712475466078397;0,219947527838865;0,264707235637308;0,104985811330803;-0,0356095916919631;0,0423718614489841;-0,280268178474009;-0,20071433740688;-0,240224048559824;-0,180120529809967;-0,226694526392254;-0,273080161886375;0,0333876146433074;-0,218286879399898;-0,0230884803595257;-0,163729943080233;0,278894502993792;0,253666617805835;0,191690285141882;-0,146789357761609;0,00335425453885116;-0,0832998794464804;0,159546078624062;0,107029970050126;0,16200296917436;-0,129218281461946;0,11173996400547;-0,0966840421388348;0,0800041753504654;0,0941439771453966;0,135165057195639;0,200983528749276;-0,0963668819611612;0,0838889974830618;0,184200340866843;0,208048227572367;-0,128013577901427;-0,273504113824682;0,264820068036255;0,209504706605459;-0,239292851392751;0,0350261553152344;-0,0246204861867767;-0,287695419012047;0,103625921598097;-0,260896833583977;-0,00450070423338533;-0,223728542659211;0,0819008404865725;0,113823150126726;0,0565015506636447;0,274627118381438;-0,205040853568606;0,0420083345736899;0,0859183655317611;-0,13613898985513;-0,230284966694647;-0,133009150322268;0,233669258065893;-0,197077726139467;0,221318313352964;0,107102279574276;0,00996790315210461;-0,0436816097957705;-0,0245991710961569;-0,13699163923208;0,113973135984236;0,240185033069696;-0,111800804357291;0,0595497079775573;0
0,254970050730644;0,261712200909024;0,279532965679029;0,272871994445873;-0,198182922278308;0,259014515133067;0,232007022649746;0,156555081726659;-0,287282367457421;0,132213386848887;0,165968838680889;0,0447820907552316;0,112101533284043;0,256867441133189;-0,253043989427698;0,151224354723652;0,115337966408432;0,152311199374599;0,288657047860751;0,0296529148125231;0,147646778357564;-0,285690843488608;-0,216486955981125;0,171211378266272;0,278872809161945;-0,0557087150575765;-0,26562816374632;-0,271625292300456;0,0275901679935597;-0,0500688550792726;-0,0841835536587629;0,0460006786063691;0,178758677607529;-0,268335283400435;0,149539515305532;0,0854757656640706;0,285780568611858;-0,187226432105029;-0,0504951590574519;0,117590266308144;-0,077459596595426;-0,0961536325118558;-0,136413198774297;-0,189230544692443;-0,072360148910906;-0,114150193311717;0,285687162199683;0,0437868779283652;-0,0813240362775223;0,114862890089641;0,0383568102689374;0,252348352519087;0,242214401118395;0,149232696739636;0,202589345529444;0,249974478309802;0,187512740980699;-0,182364828496693;0,284685601193378;0,148212208688718;0,233956262969937;0,212945899040752;-0,16172150217635;0,0534729035313018;-0,0742894754018004;-0,17071825583493;0,156709829057152;0,0897504007750275;-0,183358490081793;-0,0478333391823188;0,156130202021243;0
0,0118779826040119;-0,0878800574773992;-0,119619634356844;-0,183573904501501;-0,0468860050400306;0,141408771195139;0,263430004620768;-0,0471148887322716;0,102336586564212;-0,0507094613478097;-0,0187286257652354;0,100385159886516;0,203413693813368;0,20226075056124;-0,0458454902684002;0,0944726933974243;-0,261160435041557;-0,180238213020429;0,19025145290518;0,188649440592821;0,177458981199101;-0,181225617388957;0,0919790481632796;0,174320419247657;0,000280920273271576;-0,225118546244955;0,100800313603851;0,175745346618807;-0,192328308985426;0,0198263935405804;-0,0947496544847943;-0,063541047899292;0,257195718814246;0,249419103977848;-0,264207588244524;0,0495419940870365;0,0711476195657884;0,0421201853316868;-0,0412110653399756;-0,182120708794787;0,214769152269381;0,155436476145029;-0,108337401280285;-0,0917647458729218;-0,0380015271742776;-0,178125676755214;-0,0744487800802687;0,141898568879512;0,26224243077605;0,0254954666770957;0,127183848189259;-0,0206978021139939;-0,0829235270775226;0,0542036361343101;0,269357636731592;-0,0975828159164807;0,110827310268771;-0,00325363769505093;0,106831591134678;-0,112453874704525;-0,250077958318162;-0,203001757907489;-0,145472995656296;-0,208176222885818;-0,246646222772465;-0,245873993775393;0,13387585698172;0,24468100574497;0,175781922896315;0,195298931554013;-0,267361342077814;0
-0,0125942044637933;0,151659268228997;0,0816857457905164;0,26456670423289;-0,268663910855377;0,217798199800777;-0,106942621873248;-0,0783644694875151;-0,112279818880965;0,140016649744763;0,249588160633789;0,204189331752207;0,0728626402469284;0,183328961260772;0,216634563538649;-0,271303936731219;-0,0876943332295136;0,270747883155706;0,124061643581406;0,229401099727715;-0,216285158648611;0,225975010106459;-0,2194436065449;-0,222729166386075;0,12708449426742;0,0102230558918742;-0,190847594303917;-0,135804939009906;-0,0828139493083341;-0,0213151178274834;-0,0284433699157886;0,256803061892647;-0,223742916687414;0,00217039284545976;-0,150908363256398;0,118329345566459;0,126077143041411;0,0803233478108704;0,247335131677519;-0,0246945998078079;-0,0729164837674303;-0,215575584116986;-0,0715750058938077;0,0382158914601614;-0,208979703042501;-0,116504673750246;0,0723507800062259;-0,10081876823714;-0,172594370401665;-0,265256472953624;-0,0691162256982166;0,264619538498713;-0,238966136594542;0,256584247735748;0,239610232480247;0,0521172013391974;0,0804164588644475;0,0137284962671414;-0,15320420594398;0,0117994491621986;0,117959378195244;-0,261824098772792;-0,286236936088631;0,199721714855969;-0,122226396248898;0,283471514650592;0,137245832530171;-0,219994168507981;0,0435509086077197;-0,19238119793726;-0,10669466386318;0
0,122668734869066;-0,267273664431262;-0,141930172520236;0,0116311675856957;0,289976841377825;0,00686360009081696;0,0330269179043881;0,276936952565876;-0,0470972478917838;0,228558691795098;0,200657589842673;-0,253896984517691;-0,10824389226416;-0,242885308038717;-0,00237649250505206;0,205082782577739;-0,189640748513712;0,0532465762746632;0,0876608513138546;-0,252773529207438;-0,17833776913518;-0,057158862154599;-0,0551507333941296;0,148032437906398;-0,101778800904088;-0,220025063937805;0,0193896951596735;-0,13024412820039;-0,201764801783642;0,0369359096290331;0,00165853260475723;0,146316739064591;-0,270899588373855;0,132124606819006;0,0989014553421674;0,241206787020526;0,193650451835144;-0,0457333357593977;0,240319807011871;-0,24543281466107;-0,243296874949391;0,0274779596107157;0,184579457857253;0,0739271732765502;0,207988204262021;0,282759301654349;0,112693372084979;0,151920606985236;0,170836512165604;-0,212297683836597;0,0362001651344323;0,0174456711268054;0,246576473203315;-0,230294084639271;-0,21904331063745;-0,110858818885785;0,0785634848723171;0,000723805482815832;-0,177276447419666;0,21931548940618;0,278160320840593;-0,127415369804671;0,188015338440068;0,206653258388633;-0,0637862567191089;-0,236345565131368;-0,273683812053286;0,0503179168262836;-0,0511003474714343;0,047103136383872;-0,279254085166856;0
0,146779003155136;0,103613185172242;0,0424072500654742;0,281209761651402;0,0848706871635537;0,0489480958975977;0,16160850923877;0,230730649553827;-0,0938516866489878;-0,0420320201133339;0,158155504083888;-0,0103942244565446;-0,280153533856495;-0,289950671414849;0,274899277387402;0,190426681770725;0,250080912174866;0,0604815015470061;-0,0809261416814975;-0,128043113761241;-0,0977597695571214;-0,159143304249182;-0,269682098303758;-0,232906719592213;0,174804910764731;0,130149037080098;0,26861261537807;-0,152972985913791;0,153647353483939;0,265756697798186;-0,228310960650754;-0,0876654614527802;-0,166953040127718;-0,223730014579191;0,180107577888746;0,204518901864014;-0,0865171927716091;-0,220817430381223;-0,0132275818915536;0,130879501126067;0,207641391542997;0,0606795718384386;0,207261655138772;-0,0293389063899362;-0,170681599152744;0,173665270561323;0,177482456387113;0,205917513894032;-0,0479991181970608;-0,136085830992643;-0,233078308318702;0,280522831188727;-0,260860621699387;-0,115540165764337;0,109192100299716;0,0152358914948677;0,0826088675665502;-0,0153724462517627;-0,184281565022778;0,245408065992906;0,0710218964289775;0,0238950792431109;-0,213603119839561;-0,0689219685377235;-0,104407475372029;-0,0448654503727819;-0,134127600238277;0,234262896632146;-0,179371833394145;-0,220306040386062;-0,0137425413671155;0
0,180211926646639;-0,21697733247089;0,0788807731018852;-0,0449980893947882;0,13224707451389;-0,0757185434785033;0,0503432239956277;0,228461295469981;-0,289546775706042;0,243352996602435;-0,227991314425412;0,18571254819272;-0,000953231432868118;0,208148590207438;-0,218147375930032;-0,117491255662843;0,239273541546069;-0,0422356989694572;-0,125814729515571;-0,168776381611987;0,219541669389604;0,254150550551005;0,0320507680249904;-0,23082881121236;-0,106940103609564;-0,0164037242314499;-0,0145027922329547;-0,215617846927357;0,164870267129487;0,0171064548901498;0,233905975664417;0,0946029313787276;-0,118379493720449;0,168343126283922;-0,122603819055892;0,206813747750168;-0,049054978891822;0,220144339539901;0,267631441695276;-0,199731980936079;-0,258420772338527;0,0468526741877059;-0,185421205226186;-0,288631346518979;0,00832679494493954;0,128868946959841;0,0780365275027566;0,0136158571642885;-0,176946515351447;-0,218060610619388;-0,0827147258748956;-0,0141878203078465;0,237129312030876;0,239156757135375;0,0574022051527309;0,216747792005084;0,0416583154135693;0,0190231684047954;-0,228744401694674;-0,14203561716411;0,229470664663901;-0,0247253449864654;-0,227095387568956;-0,0159668146867423;-0,281239394971432;-0,0319078298946897;0,0134056260037189;0,12139005819266;0,0400659933538796;-0,13427470777075;0,222250139138429;0
-0,271557213903282;-0,0191807247552831;-0,216769164488942;-0,201042025182909;-0,117997420707552;0,148885339867741;0,029995698634519;0,0515308097521503;0,0548773653400452;0,196246164175243;0,262567766512207;0,252015084333541;0,0922444618394258;-0,190865235144405;-0,0425926199371865;0,148160035257302;-0,0668498349463739;-0,179745494778259;-0,0486651951515262;-0,125530983572852;0,222608268612833;0,158202325325126;0,118980642949936;-0,13851622969053;0,0569909885573879;-0,0167383541527882;0,121232025370006;0,283294464361904;-0,250451791069821;-0,175223094953328;0,247332885219547;0,264236279719859;0,248014608328752;-0,149624333848367;-0,101843927881063;-0,285693511462013;0,163212060610368;0,149512366408834;-0,115286790049167;-0,222823963772106;-0,2790237991304;0,258178774562095;0,0070646488747305;-0,0475953654299037;0,257589314061145;0,013945986589444;-0,0286534334989318;-0,115787995451788;0,0520396408752042;0,110618550757459;-0,210430954959357;0,0104491370614682;-0,201955227404044;0,281942691711552;0,290328286435046;-0,139073123318958;0,152525048204231;0,212433481111038;0,0326534021691528;0,189427349354686;-0,263033101411715;0,0373876501820654;0,0112961849125211;-0,0605859556160769;0,239599694865146;0,289017902701798;-0,286685939904662;-0,0488176202216571;0,201665108646109;-0,0475855243846231;0,275634390556383;0
0,0743242145542421;0,226227711180358;-0,11652764728887;-0,137193600351902;0,255115909960187;-0,139548739459055;-0,12411040752961;-0,105419127842225;-0,247641413941506;-0,278771336563306;-0,053666395087656;-0,0594315924227505;-0,0703839259178294;-0,255478555903421;-0,0538026677513712;0,175505091214453;0,25675833252665;-0,149266204373963;-0,253457220471555;-0,147532143756794;0,241464995408781;-0,173827451669769;-0,0140277234944029;-0,250477278269841;-0,0257250334030151;-0,0438038262598759;-0,223035811418643;0,00349135561439975;0,259257827268797;0,00994551058465564;-0,270522229186725;-0,0267666881884464;-0,191061250649623;0,125670576110525;0,00593124639585074;0,0749078417905598;0,205258835794275;0,128449876154004;-0,255474039434591;-0,290210799769353;-0,014050960175609;0,0271661930438128;-0,0103915997987911;0,177512270008542;0,0813197095853908;-0,193867173304634;-0,209006305079099;-0,0957938156221061;0,00271594670706766;-0,177173604422105;-0,252757856521862;-0,190237831757144;0,164435913208214;-0,190739796537279;-0,256517020761847;-0,0425347496854391;-0,0504309812346888;-0,156736784928479;0,179217848960563;0,00823332031061332;-0,207199343949862;0,16308465276544;-0,073990539201572;0,0330994913832884;0,282437308532868;0,26378670901024;-0,159056757682578;0,0946319138810951;0,0292766136101785;0,161975906367519;0,260932671329628;0
-0,162377959536803;-0,184478580848822;-0,253932836611652;0,157205232328265;-0,0763876135444821;0,127250564038472;0,0991464224065048;-0,0411105719457819;-0,122544276007831;-0,125483937090226;0,163444420112913;-0,289911007002118;0,145745015781452;-0,0279830488029323;0,210402018479869;0,0994838145127898;0,290364961797106;0,091501180962923;-0,24222041982816;-0,165347592884201;0,0713092048133041;0,23991844310289;0,0269790561642453;0,207674960089959;0,113550802968401;-0,189529683664065;0,24719532472737;0,185761377385124;0,1082194164846;0,255876000287394;-0,0129518030507446;0,165615986677165;0,131426456248999;-0,147419859842283;0,200306518924391;0,284927165001127;0,127682333910416;-0,0572586129560936;0,110557008692085;0,120901102185538;0,141109012268256;0,175060202926753;0,0110757090589442;-0,15696915850861;-0,0799573481533256;0,162309243858108;0,0709508609264256;-0,229603875723229;-0,218651125856451;-0,126383521412;-0,158735303570234;-0,287555682991278;-0,0191893824711114;0,0366370833422702;-0,101062949393127;-0,111609986730244;0,0792287788963831;-0,170921380792161;-0,247031986549586;-0,177544345789867;0,170741655220552;0,204071460930831;0,141356427479068;-0,0877338603857745;0,178154281869968;0,288514849345198;-0,130651047341667;0,00247845971428547;0,0623968481821265;0,216161269388192;0,262487896511824;0
