1,04574992938842;1,36035836850672;1,26150975373275;-0,618306444761242;-0,723451766926248;0,325075221419488;-0,159014795600475;-0,564246979592138;-0,884866193602511;-1,30715272550757;1,35790126325671;-1,27749027606813;1,39108252060575;-1,41189734930554;-1,53003361662101;0,697700493691563;-0,925871679001971;-0,0890341637198542;-1,64921696400635;-0,39956238860312;0,725786066457976;0,119049034732835;-1,30458025561636;-0,950733721495508;-0,809957862024155;1,25750752511534;1,26936453143261;0,822509662891277;0,0519633853926363;0,0895539729326408;1,44291899012596;-1,49294499953595;1,40803258881824;0,0866107356934361;-0,899569278581369;0,847635034198146;-0,465430286146875;0,522685511247551;-1,58769793431486;-1,39313868380149;1,01028624510246;1,5263712643636;-1,25927973848437;-0,565948057392474;0,343543440713881;-0,845525986396683;0,163087452669757;1,52998808013107;1,35487211123836;1,13527800344698;-0,804500185480341;0,815111805605804;-0,843944345505823;1,43046465415048;-0,317025811085474;-0,781096366348865;0,957141363118622;0,504446214223803;-1,51614584374154;-0,408512922656812;0,628157059371653;0,590921910893028;0,956236004400005;0,598026202849628;-1,17762534624875;1,14304900178821;-1,1130764955016;-0,403325476092141;1,06011829866061;-0,805222281434376;-0,544666481166015;1
0,139144910124244;-0,196191949104806;1,3399104103767;0,178122454188985;0,791619689327904;-0,317363159855042;0,854003203223507;0,294497037099502;-1,66945471354879;-0,60324475510715;1,33533355660553;1,06170633097818;0,506925569573401;-0,805003020993708;-1,07310015722327;0,944257601096406;1,5751802434282;-1,29882856692672;1,47847200431263;1,4875008968201;0,62115197389868;0,347729284412722;0,410388968242114;-0,43757362906522;-1,28299148638567;-1,13117284660785;-0,272444254630997;-1,08934214026608;0,792706828604668;-1,4358602726689;-1,13492104445844;-1,23213507447345;0,469834984463121;-0,0136515071562051;0,66292740564793;-0,673907179252094;-0,577556353892874;-0,428592619055997;0,501314482448574;1,14300192896279;-1,5810858042096;-1,47742058616927;-1,54810207964104;-1,49898212542821;0,909351604403963;1,14548493281158;-1,23491982065704;-0,283690247851066;1,49945444850637;-1,48414068277236;-1,0838285484969;-0,798174819241747;1,20117611429336;-0,686155694879605;0,44255964242243;1,38918381591468;0,991187272856241;0,0722140370058741;-0,244156061861391;0,217522533499702;1,55284928497912;0,238075341053537;1,099558398698;1,36417374932327;-1,17359371308476;0,86219862864293;-1,11339865592099;-1,18469292570644;0,129837763561523;1,19857521223199;-0,18345604744677;1
0,447903884296042;-0,0662906579004218;-1,26475402592412;1,54102790084783;0,545224018989451;0,33709254803649;0,350992258094444;0,398976848364188;-0,711329510787147;-1,50263794333037;-1,5975982453462;-0,875912108567508;0,728238761821626;1,42032156568096;1,43601345980194;-0,716292822250302;-0,422418261838463;1,31337232458345;1,03614737752849;0,072348472931866;1,11466692871672;1,59237258103143;-1,31780611733613;1,36096879112698;-0,0858143874121298;-0,863780310332719;-1,20799168295833;1,44767324255251;-1,5607366047884;0,709797232830084;1,730150472097;1,35719027824081;-1,3002645307441;0,446446844095581;0,362629330226622;1,17007226999549;1,03018727944988;-0,322248914826231;-1,55857655386652;-0,37865303698529;-0,801130813906129;1,59833462600516;-1,006996421056;0,258265243731523;1,72405459505806;-0,347361346514239;-1,06712493146955;-1,48755706321528;-0,717631993978133;0,133736204475199;1,20259518925517;-0,606385165860454;1,02031986392521;-0,309585271583372;0,620176967272202;0,63724405147019;-0,357627776061657;-0,844010068845511;0,0176990527625933;-0,200138906175195;-0,0640590045025421;0,68503176374751;0,350570217655221;0,36058600458835;-1,45107566722179;-1,17307577538143;-1,18479081332077;-1,32735131777132;-0,551451000043027;-1,34320204569091;0,0352326465054027;1
1,55243863927248;1,1446531934153;-0,274382764896097;-0,801545345907644;1,17897089561854;0,879202791041303;0,115139640081019;1,29639890438379;-1,39747225287822;-1,45415227723717;-1,37992511326717;0,456492197872739;-0,000164954244481633;1,17007944334429;0,623243975604682;-1,32411892334619;0,685220495173483;1,48080188496634;1,38255597808731;-0,164436084235036;0,172998393790453;1,31893155811112;0,327081026058675;1,34362234734136;0,202696810671499;-0,437049854040136;0,318175434715521;0,0124538656676411;1,1691760498719;-0,836652263412202;-1,39875828538323;0,738366299725503;-1,04297038099972;-1,55625116573323;1,18356694027871;-0,170313110085229;-0,469285784014064;-1,23724395091302;0,989849925327424;1,30623871529114;1,10145144907081;-0,553468516271167;-0,322593017988343;-0,478053283015452;-0,419759788688667;-1,52667920548603;-1,39573557695536;0,745940156848931;-0,471501057039769;-1,55557581645171;-0,274157546981317;-1,2085706941806;-0,354718561737246;0,421231131456818;1,42617764124544;-1,41867122874439;-0,834606142549112;0,0319828906372382;0,645745846295554;-0,0361575602470586;-1,09115095357996;-1,54949253549236;-1,52495545539385;1,08916801340868;1,59459401102076;-0,468303410117979;-0,152715731033283;-0,0960920984169877;1,63650050594027;-0,858621224215826;0,795154863542572;1
0,263126653131896;-1,07145788203104;-1,45801759379543;0,369234598858976;-0,851889688522783;0,00120926900497083;-0,778548872331847;0,114815833052204;0,0831122732772114;-0,635394450554311;1,15060797348722;-1,07798114841478;1,01109105717374;1,02500056976963;1,37209871691442;-0,510095500288172;0,184348492599491;-1,231079376395;0,896872782928251;-0,909853762408696;1,08208098596009;-0,206083566938082;-0,572631055770433;0,70589460918377;0,942280719504196;-0,623460006849836;0,233238219864255;-0,382899322748918;-1,4839106772329;0,268476497869049;0,337764274357006;0,719148316287993;-1,16825920635833;-0,64215363586104;1,04182936453903;1,50527002389844;-0,390708679637003;-1,49455086336366;0,663474836564014;0,236728280839747;-1,51757171308287;1,47555180170327;-0,999115752055621;-0,916340640391225;-0,607326601409095;1,19395532419986;-0,872241211111562;-1,52760607096827;-1,40350069982851;-1,44452477233244;1,23382649523114;-0,376532075058029;-0,889205766743867;-1,40865583945296;1,21978411902478;-1,05995718181863;1,05058184806034;-0,614503528658252;0,976362553675723;1,320978992648;1,31737972346166;1,15375912473802;0,0695591083964967;1,36404444972911;0,576249949409627;-1,09770774468938;-1,43888934394506;0,124077291146169;1,53257987955154;1,41623736733693;1,43002185366977;1
0,271550412913308;-0,270495648268904;-0,844305660528473;-0,901729176679383;1,37366145111116;-0,698751970521907;-1,19090113750948;-0,128981842598841;1,52897277324782;-1,2948774860518;0,361305816692747;-0,449492333609946;1,76149547887086;0,747274390811679;-0,784992404255304;0,194281214191358;-1,3040612211029;-0,234770397295419;0,73474451499559;-1,06934477430702;-1,32224538142154;-0,901789738217153;1,08446213560375;0,620983146671385;-1,12130967017331;-0,0273679734380704;-0,783766173256956;0,169780585505865;-1,03024978069984;1,31641971221611;0,713354165409278;-1,54722797381988;-1,28386213073529;-1,34389469207427;-0,379947405811184;1,77025729617039;1,78252882801369;1,27099160127568;-1,49743925001532;1,44994878634334;0,881793785594854;1,36809011467037;1,45263279663126;1,28193981115212;-0,378185820177417;0,253396458778444;0,226875920899169;-0,713041883741934;-0,0436571397023984;0,515566895712301;1,64020847625424;-1,08915002075785;-0,515912855104898;1,16074489523581;1,42874383806405;-0,39403077794916;0,449677613324999;0,339346589997791;-1,34779043558569;-0,166341504530393;-1,48235672634457;0,443953674182309;-0,666102990978619;-1,35481786804792;-0,20359625426343;0,341162861433002;-0,733001131954273;1,53801924186551;-0,440149132456758;-0,750614303228043;0,216387783375312;1
-0,977941657206208;-0,481057550144552;1,00638028727758;-0,312270916530707;-1,10093981162116;-0,742545328337799;1,55875657873323;-0,762192595045491;0,302740193708607;1,49819118829557;1,69399314157283;-1,60051017977014;0,120177794168018;1,42399191492073;0,0949071422350043;0,669113206593784;-0,838765563414288;-1,18875111026985;-1,81320664761237;-0,419270943392309;-0,288463012531597;0,965815717576203;0,349267139264861;1,30032226266484;-1,36108929838016;0,342102220009905;1,16711130059936;-0,243274586250643;1,00195850560799;-0,775818716309159;0,370557046144561;1,4782942262226;-1,07396114923768;-1,50903041065899;0,74372839375825;0,932502368629648;0,0566665278154513;-0,433494809007955;0,641109294655149;-1,66205196461021;0,534504419567259;-0,859944855138275;-0,127245721066897;-0,0621773906364806;-1,66207102787004;0,0899808132557449;0,782627165590047;-1,25599519710451;1,30135857088755;1,30837051330404;1,67019511515347;0,845509431483889;-0,640595545832613;1,23190853368327;-1,4648624626735;-0,174306605428604;0,939126079944395;1,47550879396654;-0,779414190519114;0,326408737722741;-0,140205859583347;-0,0262014073846905;0,00529966870032537;-0,749673662350802;-0,700598430217563;-1,61253365701834;1,24290173882134;-0,199024367541559;-1,14796905120609;0,931855542959164;-1,21578589359024;1
1,1665749160819;-0,188246872583172;1,40824590552296;0,644932775427168;-1,32599835104918;-0,829962597191218;-1,47819799546865;0,947820585682913;0,171992542673037;1,13304726387226;0,434944827389458;0,0830116543068947;1,26059215395419;-0,77422479761576;1,10030587374864;0,145626813437099;-0,640944069422173;1,50999307155491;-0,996417290780672;1,54569861655996;0,202642061465104;-1,54051411485938;-1,57020402854113;0,104682733195218;-1,33624662205038;0,729127904716659;-1,27754728690572;-1,26233743469783;1,50488661083547;0,455540168765745;-0,935916313340381;1,44926226539903;-1,51808545407935;0,53104591773779;-1,57846412365917;-1,00793985718156;-0,596266722016268;-1,47364391487735;1,35407827050798;-1,33609569294605;0,371043131876683;-1,54486154541776;0,50796650126171;0,59857812976678;0,852917954953548;1,31327232552785;0,165650168081647;1,48246785691884;-0,345390993017056;-0,257986038389973;-0,177312246182487;-0,278068219218306;1,32587108192536;0,761722426944513;0,0623161497299161;0,837596592378483;-0,487535282604845;-0,565929266235055;0,111686958914747;-0,503128317567691;-1,4219077488483;1,33613737742733;0,994931913045592;1,26845031210544;0,199471138649842;0,537680500188571;-0,268395330176557;-1,1399462023464;-1,06525311251939;0,238753292367403;-1,12759890310943;1
-0,730185725320798;-1,43609833114709;-1,24442588862884;-0,373512955496871;0,223989477551395;-0,166621882808172;-0,292100978174806;1,1895836393614;-0,793527778950363;-1,01099464974001;-0,908779524642143;1,01361140434885;0,240019974706641;-0,938634215136639;1,28386085977286;-1,47002170433881;-0,407905040164226;-1,10982039357543;-0,550021942141427;1,427219691115;1,93837838133279;0,316460957447405;0,338413869698591;-1,50921816721546;0,963391409129674;-0,679079910182273;1,17680789393025;-1,18243960445488;-1,26991872865365;0,0510162574672729;-0,236936619141636;1,05864669744136;1,36073674247028;-0,69168403880592;-0,702252641198763;-0,101432356879766;1,37986504680699;-0,0794764433701858;-1,40648629056574;-0,207227868575657;-1,46391184353935;0,541380542777706;-0,337473397670463;-0,761282301972742;1,74692551260695;-0,867464108528102;-0,449762987742339;1,0141813210494;1,24544512790246;0,78334803357873;-1,11953645578348;-1,32668189259929;1,76017231435071;1,1430590806405;-0,793257045833673;0,923374821653075;0,195509303575601;-1,33393113478307;0,633117139794733;-0,695654025636026;0,626591727682858;-0,708384787089618;0,860778954645349;1,12547746800364;1,1959634738229;0,00259528233777814;1,62289616629986;-0,667019399857133;1,7336399304834;-0,213430196717063;-0,879865246724523;1
1,34155616679576;-1,38463460565273;1,32825192730539;1,01816710719715;-0,365588742984943;-1,05375904859234;-0,640927504096688;-1,36987647432829;0,036218072009;1,43334605117283;-1,50877188960205;-0,602804446562233;-0,255861057829957;-0,575305428782968;-0,650143288235481;0,996021369195039;-1,45778765265535;-1,56531517561739;0,140186754912952;1,37071703270535;0,853932251315479;0,985771039458326;0,987402241818841;0,873500494158094;0,946009239706671;1,34991925455206;0,290845757932618;-0,166933539449929;-0,0439152339496639;-0,6606646618915;-1,45817778290876;0,979413161119663;-0,308282403157553;-0,119039738776312;-0,911430916178544;1,62291711101849;-1,53626086962967;1,50740637425534;1,09788979185282;0,070770310978613;-1,01615631042682;1,601445269062;-1,28802195406419;-0,610652321551863;0,250924654660689;1,41370788881824;-0,785099330778118;-0,220510822221969;-0,0803940502042669;0,473339099364237;1,12264372003417;-0,890578773796302;-0,372768023991875;-0,101423346128793;-0,20184129674461;-1,30359943648945;-0,726314464916594;-1,20463313067958;-1,5872266963364;-0,0697856149820261;0,301117576030023;1,17172841790822;0,319761142176356;-0,96250182992638;1,23213927025472;-0,842462668166735;1,3512003391503;1,50890106350134;-1,32325907643131;-0,627338016698986;0,872897674997833;1
-1,45263621626669;-1,16478554427175;-1,71046870993318;0,498490538422855;0,661218404629355;0,390704333568711;-0,253397679836631;-1,1832068812161;0,927932550481657;0,258427002966494;-1,28921912748728;1,29124677288331;0,880696941929351;-0,326083559821348;0,832709280433158;-0,487759869277187;1,17656027230388;-1,69771025412507;-1,40282709455517;0,462611066488229;1,05763295420328;1,1731146904953;-0,66362753932555;1,15417172460018;-0,711718633499056;-0,554956428058449;1,0634546254627;-0,382781911636999;-0,734437637354838;-1,71705414670698;-0,812866224103441;-0,725514961832173;-1,25529785533415;0,992882472762813;0,551146263669502;-1,65567276035155;-0,616421474793447;0,583630203616161;0,325185709069972;-0,45447674443962;0,739883173366964;1,21376741633007;-1,26205348819752;0,853850269205982;-0,395335128999385;1,00441988869528;0,602889463193975;0,587439401765151;-1,62982999604595;0,863534933699587;1,29017587513447;1,16439402307264;1,32031545988944;0,118217040592068;0,953193487273052;-1,25201621137043;0,872576690445348;-1,49090573914181;-0,566426074213008;-0,560460413447115;0,700984403497565;-1,64725101433455;0,924965451530293;0,868351451053718;-0,705342019064984;0,810030529736439;0,769909382082542;1,26154916455809;0,4965048719007;0,71174679464979;-1,64797364061866;1
-1,04348932124689;-0,44532087541953;0,757123428500764;1,50807732123725;1,64363347553102;1,01802272149657;0,120255098066936;0,0269448160097426;-0,102051373290747;0,522692505261683;-1,17432005350335;-0,311514361299373;0,030179379071926;-1,54681611914593;-0,394253330110713;-0,470985127065158;0,281353316821873;-1,6625803873577;0,310792010066241;-1,01082448479322;-0,728422901826352;-0,420050698825854;-0,715932494148185;0,525361094645713;0,964271444529814;-1,38381652721268;-0,565626197320755;0,0377830676482563;0,469516657686188;-1,44457007164477;1,0812947491503;-1,60523529917848;-0,801932955104669;1,10344959659753;1,0613434275973;0,322421839504664;-0,705542348097319;0,723669929758718;1,52247399247035;-0,319601881971063;-0,569705268835246;0,40415246978436;1,56766528979166;0,94959713977021;0,532853680234615;0,567657244681844;-0,421005172625106;1,09263779633147;1,70441671517048;-0,0484558135328052;-0,845690858249014;1,64840046494883;-1,18107626230086;0,381401505290209;0,98375714772651;1,19491335025406;-1,43638176883084;-1,47523105370445;-1,16318751085207;1,3204566151842;-0,123344468742173;-1,62452135714082;1,37578013099866;-0,36447468920548;1,25974972878648;-1,27607814188437;-1,2165747937542;0,745081755149501;-0,789807574068129;1,10167680305973;-1,47243616652734;1
1,1637231849297;-1,43872698267029;-1,16346247138219;1,16485933655381;0,508770296657674;-0,302630949540718;0,00307597691311597;1,57630650824565;-1,38528462531316;0,669851096976067;0,00996998878573194;0,00202843222145966;-1,27013367742391;1,01516856526367;1,04531688828066;1,18095202373046;0,460607471648229;-1,64804217579488;1,45667786895554;-0,0927694978317996;-1,03129241294766;0,0287345414130261;-1,56992806428998;1,39719676495967;-0,760748938522847;0,661485733383783;0,0717009347137264;1,28912718466848;-0,0452052793574381;-0,0686417000613395;0,476972814591381;0,0245481430634719;-1,18970198489436;-0,410466963297536;-0,524671848964254;1,0992716331182;1,48428294637305;0,638520126476067;-1,47887329075654;-0,467116217146887;0,0754975482312533;-1,53459517574358;-1,62194949885314;-1,32047637939079;1,31448062418318;-0,101971391241181;0,672002182326941;0,0804853358090659;-1,75354397593806;-0,950274201248693;-0,173469822717344;0,451471736316407;-0,764601608756293;-0,765445283514925;1,07565567765058;-0,626623862400543;-1,63041142429752;-0,977243378869686;0,163995769159437;1,43070042074606;1,20908397321773;0,297364649716806;-0,140100718314125;0,266772932220357;-1,56873422353253;1,56883770319443;-0,569882088801402;0,723749143345803;-0,221772091689292;1,52946111263463;1,28008493482959;1
1,2902057885936;1,2979064204473;0,195213317290124;1,29870066939338;-1,05581238392474;-0,0453145064249976;1,2272014155356;-1,42622272371385;0,866708418774145;1,43763150842139;1,43915692173283;1,18060756344894;-0,70197721248794;-1,4067487169514;-1,47661198868972;-0,804067143375634;1,07325076146964;0,13806618142384;-1,40928170430186;0,904959162897805;0,668793719013698;-1,08115750522458;-1,11556616709367;-0,0293349815698686;1,25149513858872;0,218763057678352;-0,216503168270025;-1,28043026293996;1,22288123841935;-1,08698215068253;1,40131982567144;-1,23287286816702;-1,44444691609204;-0,517382372124986;0,0562929137078035;0,598977869770721;0,630676040197842;-0,473554335667118;0,556450920895229;0,992720767293233;-1,16383014867906;-0,881125482753471;0,77699599100798;1,32165878983671;1,12495592832761;0,58055472487281;-0,868100046416952;0,195004793572222;-1,35166178526651;0,739050740544311;-0,0758720608262633;-0,947351479690837;-0,232723475224204;-1,00465450111457;-0,988114480199359;0,872292523573621;0,914401817296412;-1,27452247138456;-1,4518652394399;0,172317895945685;-1,32788210839953;1,00856090823101;-1,20221062458443;0,454619799212121;-1,46275908749461;1,17295901965529;1,12598370929642;1,26229849718582;-0,0161482931104299;-0,628696520911664;0,0121501539753004;1
0,131325346412774;1,30381823966258;-1,06755075131719;0,755345367941309;0,135048186270292;-0,417391915234353;-1,10965841558974;0,424059481431102;-0,915750567924222;-0,418524638432954;1,31203926781913;-1,63268863800945;-1,13943613250871;0,59522883087287;1,08993779996487;0,60833208981191;1,27822586012193;-1,15509495371304;0,828478884334121;1,42690547837432;0,559776360851871;-0,548296276172777;-1,25862214902079;1,0563826433105;-0,793055630638819;-1,33399443096459;-1,33245101067599;1,610862720104;1,74660090943416;1,15193979147005;-0,742854554948892;-1,46541565314446;0,939699286565867;-0,848851479211384;1,6562189221321;-0,558107403388952;-0,854248970614152;-0,0781389647008525;0,561931428347186;-0,183386809732896;0,559220374590551;-0,0694739773654916;1,05832690604499;-1,01905751874216;-1,02124397218837;1,19481560630875;1,58046877223222;-1,69532561036694;-0,960384804522996;-0,849670992333495;-1,57572265663824;1,02055932445087;1,03046376328966;-0,300250029722248;1,33299642391236;-1,03822264823054;0,844596117867293;-0,319945902888806;-0,169443272235958;-0,248801653581206;-0,802785175374446;-0,916533643954852;0,481446063735833;-0,263702867655382;-1,39351435430015;1,05961065014751;-0,768400432836431;1,51340283844157;0,74299740047966;-0,0697990674622674;-0,255263210390025;1
-0,395960140198933;0,0584717635287612;-0,74506191933506;-0,891168820894883;-1,13278917182155;0,170349994985458;1,55567300470752;0,334938001098386;-0,215991688682597;-1,15496330013837;-1,40272379846129;0,835153886164274;0,860512599152634;0,993658576585312;0,0114645103743645;-0,730787063885416;-0,513931007235174;-0,412559961944818;0,95999385441307;0,376994105483874;1,25699674196421;-1,67792238007784;-0,948881744905739;-1,1427727707545;-0,274975858332215;1,24015775907132;-0,43075392155701;-1,39098681921641;-0,310217369885168;0,218998852951806;-1,70248458834522;-0,672461681330155;0,895953991384584;1,19608900433949;0,567972322429212;-0,824375083958655;-0,0108046349283162;-1,2131904034147;0,683497237466428;0,546343414187723;1,06899439439609;1,10962862261906;-1,75581314670499;-0,897260176817955;-1,21088464526067;0,00485434183224733;1,39615291352371;0,507902512171657;0,345190351156889;0,00445681073267685;1,50405156624727;0,146084745128428;1,56171742715212;1,32106141703311;0,253116761308791;-0,488484310385868;-0,763093041830275;-1,37273569884533;1,18224535323543;-0,574508615094768;-1,16934263372231;1,17621327365916;-1,12529117928122;1,3634477741637;-1,22292526205792;1,06817619866696;1,73763821057779;1,46286191061124;-1,34476029610868;-0,934606955931756;1,078455886841;1
-1,10309876513912;0,596576542915434;-1,37680826833482;0,98379905092817;-1,63199635063575;-1,69857903755557;1,59749738874243;-1,70795050735173;1,37879671424154;1,49747236545433;0,747419450602516;-0,0168738254468742;1,34540445401849;0,415455233050895;-0,124583343947475;-0,494127287667321;1,23957223831414;-0,869539834848637;-0,760783595589345;1,58823940332159;-0,468036281358375;-0,648665428495466;-0,567631610484792;-0,12901994835073;1,544216453031;0,368580739177806;-1,34233354347777;-1,46112785040496;-0,537139095438782;-0,0136219004516476;1,58303855399678;0,00224988842681701;-0,546748063003961;0,61771564883213;0,694720799390502;1,11384907600052;1,02369360512126;-1,56754316604624;0,0248018322127662;-0,619318897799136;-0,758370078920646;-1,45735785820731;1,3246194932518;-0,477617705610288;-0,297615975527912;-0,705683560526977;-0,853384859810518;-0,95857895265746;0,523036627524537;-0,331965976668737;-1,4240955838207;0,421688316377291;1,04247791224097;-0,913480147236172;-0,348205582016806;1,19253488787242;-0,609016453184586;0,399179904531985;1,08655082241324;-0,353608865297477;1,29072273043827;1,28540063256258;0,476156812603129;-0,380805991891627;1,56140203597362;-1,02805504440911;-1,24335036902773;-1,04553580139846;1,36770265817647;0,408535804568084;0,129147331727495;1
1,21922552902226;0,932356119236364;1,70023678394444;0,749542422736789;-0,634794170800609;-0,168088837118839;1,7527129130816;-1,4718755351501;0,650905681107251;-0,397513906358878;1,45311842104366;-0,179185206345044;1,63525875081792;-0,205249141934961;-0,459337239890361;0,783562468789619;-1,26979092716783;-0,658660850184186;1,33678589068953;0,113368199284576;-1,0068721144043;-0,862465395339669;-1,25787957685054;-0,1035852007469;-0,239979301675508;-0,127526025435884;0,0955806016320385;-0,235133652156139;-0,898835814273897;-1,09544973325393;-1,44785120704191;-0,528120214513752;-1,52704877469646;1,37421806162548;-0,662449661483166;1,50698732048325;1,37226764617857;0,328024672131633;-1,19945118864801;-0,0947114330923615;-0,364614624791065;0,399909920770334;-1,02180211836157;-1,44224241560621;-1,61577411399583;0,0111013541832947;0,85963865959631;1,82610577968146;0,572755080251886;0,177146425083247;-1,47743809643153;1,60154062210958;-1,42092756276787;-1,17579146473897;-0,340507412156454;0,437859499073123;0,546404270798104;0,159990559402535;-0,654309700876508;1,33725251311107;1,58085121972492;0,344015139948935;1,27148093759959;0,102523989072377;-0,593494124605771;0,337407210268604;-0,29596785693739;-1,38279073609636;-1,1866309057406;-0,12180390189781;1,25581548108684;1
0,207556736240588;-1,23561730992191;-0,283256595460997;-1,30277228935085;0,41181342740257;-1,64347471277617;-1,61671631764369;-0,196979625523044;1,6475111478102;0,860476215467655;0,0656611506917773;1,05216144657185;0,765510810583832;-1,40541137815569;-1,34449595689362;-0,859234081236929;1,54040037912609;0,0195762864358029;0,739500007440103;-0,786767022482599;-0,517651009090339;-0,763510097184136;-0,796320137743954;0,124428119696708;1,1582910076095;0,984071146518518;0,71382063468947;1,0084736355913;-0,172407001892335;-1,48551634910104;0,583807276400788;1,40743436465042;-1,07120497480357;0,762638015530892;0,0724849295015759;1,07794924955668;0,623720390030708;1,90534022513328;1,08385597744629;0,241576839456307;0,330876562262684;-1,50202096089239;-0,487365070846978;-1,30072610853229;-0,245450710451998;1,17541238648232;-1,27608491315601;-0,355033549529511;-1,16014467032744;-0,650069274595165;0,00289155853028938;0,361664122772424;-0,14852180649396;-1,21353351882124;-0,00967289515933021;-0,842773709953758;1,47667415023795;1,5082866072582;-0,545091974544443;1,34371360329995;-0,441324025049734;-0,709218630819093;1,89139869878519;1,31918695353276;-1,53717160431161;0,574198108457256;0,309525877996936;-1,81096774832554;0,438075014758638;-0,506473884034405;0,433016851148264;1
1,521299386744;0,8793737714806;-1,11027940684512;0,830390933503739;-0,663768810850178;1,60280435125609;-1,10432882758287;-1,22781159228122;1,84056273933353;0,507278124473043;-0,586220544064322;0,423255414599796;-1,12887692815317;0,490065528356521;-1,36341850174628;-0,139108535664981;-1,43668051126486;-0,85841828121924;-0,727206239758031;1,49028800913793;1,04433317291257;0,681933020964631;1,61775459276043;-0,94048796353119;-0,612618486655476;-1,25854903973021;0,19804032866954;-1,35029034974614;1,10392099870925;-0,772525029722872;-1,07635404528071;1,1282823580664;1,25627260782838;0,862111302777994;0,435237381922783;1,40648114012664;-0,495769185625797;0,00958652314926667;-0,814830053889701;-0,422505632883642;0,990051255886252;1,14255116592202;-0,387021287087686;-0,743600480988874;-1,28859186279503;0,879633811031198;1,39527595152425;-0,748900951809188;-1,51727486067232;-0,803553822798377;0,251074917698724;1,15000951607453;-0,340403812302893;-0,00129892483154654;1,3070165684125;-0,727957835875616;1,1178976701957;1,6864870481616;-0,124314781495767;-0,972543972774951;-0,162560179068437;-1,32136267949171;-0,475454099514947;1,04576356740142;0,0163079680987665;0,141775589344801;1,02326129824694;-0,134709739455643;-1,51249605522124;-0,913621150397405;-1,21066355169417;1
0,172921720673936;1,49722796348508;1,25070484460712;-1,22164650968393;1,44565055362631;-0,684705191104951;0,53548462967361;-1,36527916974494;0,129505814679229;-0,967165755320485;-0,799900924656979;-1,53627878523655;0,106964252452211;0,571972921211005;-0,563588088560755;-0,30730774413192;-0,506626669644473;1,11833390984327;-0,595729850154061;-1,42147398479613;-0,521945191443619;-1,56751351722869;-1,54503139691954;1,29295937094265;0,488333877139095;-0,166331628452208;0,185650604115555;0,820931054502902;0,187932937751997;1,40277824646907;-0,249433241846774;-0,973002910413517;0,968455295286586;-1,30957020191199;1,38832456453753;0,912726304263276;-0,247889306816159;-0,687694092149026;1,11253823404662;1,32162070228134;-1,38816205940933;1,04942204344092;1,07732510500495;1,37316101136443;-1,26169070188016;-1,61936899852259;0,768346729381215;-1,49275406946557;-1,32912937894782;-1,46695241636698;-0,435399467390264;0,0786828544900953;0,491942032559974;-1,34921421327192;0,703125441154284;0,0465019496141998;1,3483260721162;1,49612623797183;-0,171599622515659;-0,0819511062099025;0,668024969086856;1,25293433947807;-0,0148313431895791;0,265108332517523;0,820648250833651;-1,52083130253188;-0,966353316215777;-0,277398833924224;0,722029120980835;0,0620663714833302;1,4789623269916;1
-1,40765805677715;-1,60531964123918;-0,128914051913339;1,99579838580048;0,261266408024151;-0,949334041183997;-1,25760701434863;1,26913450292381;0,76509267746656;0,979288191974361;0,280954392638703;0,81286114068885;0,254430631463972;0,461137410660067;1,66333487910011;0,381283462890816;1,00188119656376;-0,236438864318963;-0,0986238580799841;1,54212086021396;0,066563387536304;1,45134347827095;-0,264778010483999;-0,874767295154296;-0,945113772886787;-0,411650769106899;-0,695883438830842;-0,988762967098728;-1,31961153252886;1,2969314617775;-0,432522847762398;-0,464341795427278;0,464453640198448;-1,28887069933357;-0,396749880117848;0,380664734683631;-0,629690475929987;-1,18553364927831;-0,78171020580748;-0,311612673758631;1,4647840762146;-0,895276755120123;1,37321933573628;1,26012435859688;-0,84098252192171;-0,713261491452054;-1,58454557268138;-1,47555218403315;1,59397828807746;0,23544120558821;0,240152452872774;-1,3897848749315;-0,400501436425654;0,859706474061752;0,287937870110579;-0,82563583975758;0,692824064535341;-0,866002434082261;1,32905648136405;-0,938938500192167;1,77991509293737;1,76452164804062;0,976890358129455;1,50152691097958;-0,200044637586458;-0,866559489257236;-1,26344817683281;-0,068554346525674;-0,753968386545302;-0,329185532906734;-0,600881738502414;1
0,484452068567937;-0,97748536846149;-1,27330376853693;-1,39406957432387;-0,60663012718002;-1,39336861919048;0,424719211189273;1,75220406900143;1,57587215614961;-0,418736249916764;-0,768810341752066;-0,51703421403104;0,397877492960989;-0,522109692498427;-0,610705847970691;1,72544673268391;1,43040290562838;0,378509109986884;-1,08109881417839;1,50437786821018;-1,25254006850647;-0,456361879324892;-1,32294522397112;-0,0797256679270193;1,51543648339414;0,115562716208936;1,66805404036749;-0,162987044226847;-1,44014935572789;-0,973109426144089;0,432652460271635;1,13988295331008;0,249199506907561;-0,718373279400227;1,48368161144836;1,49454830270468;-0,574113067718032;0,668567551176198;-0,627895574603661;-0,832529085729354;-1,29879024881195;-0,768837698361795;1,36167105498451;1,33717043571808;0,86253479073966;0,597054468884719;-1,01905519446387;0,367995810577871;-1,05825198153293;-0,742576286920902;-0,800867250133056;1,31479473578555;-1,08099610335422;-0,043103980609922;-0,773267672363496;-0,522105601776307;-1,1174596941595;0,588703257409999;-1,1272246996981;1,06008851463095;-1,27914130153806;-0,875213294253015;1,72943387506018;1,08606203262456;0,930892647831512;-0,126411937042231;1,01604763708131;-0,346668777307919;-0,223509945926879;-0,322972792655459;0,836640250732811;1
-1,03103404440699;-0,768730990605767;1,36580683965818;1,15831576958502;1,11362472863788;-0,317458153106537;-1,22060030218718;0,621816590239972;-0,863136185046762;-0,631221022695825;-0,453784625001815;-0,887929481663156;0,884246264273651;1,44766890340237;0,686293943230347;0,533804925807128;-1,53461166995914;-1,78923529944908;0,30311677145013;0,953294627915005;0,385268216517655;0,0778950730621429;-0,177979465459402;-1,36911401481133;1,17810983848499;-1,04702090020925;-1,55251665089;-1,41237309235518;-0,787454823972154;1,18302599522523;0,91125920019394;-1,2137142425703;0,843806073200272;-0,0613251780309202;1,52538203582253;0,0516371859461364;-1,17189984636849;0,148740910781281;-0,58967591389553;1,11078080175024;1,3753997294735;1,36285967493928;1,00746254618161;-0,359047752812448;0,435178910544105;1,30254059683313;-1,15663544306824;1,07042962490287;-1,81512657865031;0,683903137683252;0,497108612593773;-0,709794748063092;0,810452705922146;0,0535999510883329;-1,61518749094133;0,523471243207547;1,04164883553031;0,886810769278963;1,61260629177671;0,312535543656582;-0,613051587407081;-1,65633729502255;-0,438838670978418;-0,413761819595311;0,0899201377869126;-1,08818046762206;-0,0993351941867501;-0,902538642885973;1,55468722825651;-1,21345332790633;-0,142405313014924;1
0,0936381245501967;0,567899468433533;0,95207357359502;1,33003609458621;0,785494111078152;0,832571912160566;-1,49061072933204;-0,0249194139548124;1,62184556081073;-1,56065666884998;-0,827443389107216;-1,27329324447426;0,301455956515488;-0,99570833556741;-0,0789961355193624;-0,240461407383873;-0,893474326842237;-0,144863939354225;-0,6859407307974;0,773318626572287;-0,274324483943404;0,308800915907862;0,859388950588021;0,0217573310207689;1,30389320270741;0,0980891473078363;-0,274888610398129;1,30370256497538;-0,174765895330685;-0,293855973225459;1,49473424161879;1,26910814165027;1,15400585563576;-0,858083298107299;-1,13084879083674;0,62370160224127;1,7298225399519;0,609919023923266;-0,48144744019971;1,56799694103896;0,987211576927291;-0,630267134625069;-1,56553644696954;0,342509452422392;-1,29805473888045;1,53700085813104;1,15576272625057;-0,93442649660519;-1,35738044545334;1,06113183734352;-0,728428815834677;1,14751861827852;0,68547192139611;-0,0754528901502961;-1,38980019603474;1,52866195242156;1,45233526162473;-0,737795307664416;-1,64196865835987;-0,980706586468352;-0,560651027679971;-1,0504885505282;-1,51826506886279;0,247589983797518;-1,31156616668955;-0,352726786978263;-0,6834743563308;-0,508572295615881;-1,53297109496934;1,04112700601859;-0,226459203556548;1
0,335379622378109;-1,32909035687769;-0,459334577506449;1,7007677149839;-1,30859191216153;0,299161027851268;-1,13818385711465;-0,287998333896427;1,68042221567636;0,807330207963074;-0,98712995726313;1,1322070189452;0,618617480737682;-1,22533429724104;-1,31783252907952;-1,06749847119926;-0,383668992730592;-1,12247326954635;-0,888775810890151;1,04984923222864;0,927356342238157;0,69893035736213;-1,15684117483244;0,568437929920357;0,472137766330044;-0,745224930232572;0,00741860803052551;0,0659367790660672;0,926287426874105;0,665669251348586;0,0767999523956733;-1,05171272817431;-0,612412355227341;-0,322115585287481;0,901370285773361;0,939457753615154;-0,41953638345668;0,22738605268082;1,84504842992091;-0,285219836294281;1,07130649698386;1,51483052786204;-1,41097439033757;0,162295266614976;-1,2111988619912;-0,236470209136575;-0,218186052712047;-0,117188154930574;-1,67560313080449;-0,910669670068595;1,66801895102286;-1,02071196028709;1,27363575640284;-1,55213464311079;0,840904320959466;1,56369762895049;1,75499918188925;0,899475856507703;-0,45685200304281;1,36388138200555;-1,39373953187592;0,723127727753789;0,712962603163977;-0,670728987368891;-0,954951696129262;-1,62089918078548;0,0591374224758837;-0,7447488856715;-0,199456219079893;-0,330041918760162;1,27928627619193;1
1,26042019372094;-0,937700807876596;1,26741535532178;1,81039923200906;1,28241650885889;0,428573279705365;0,599919191176153;0,120498082238394;-0,878561645889627;1,33879079268394;-1,42332018425356;0,0849611666764549;0,173966679423957;0,895419061255234;-0,515790583321252;-0,338679205816668;-0,662977341728638;0,745545285281983;1,2125932005721;1,06967452289315;0,600035046788967;-0,901293999136431;-1,09071940276379;-0,505522481827266;-1,2147713717748;-0,791568412753595;1,13991093989307;-0,4973816540317;-1,15738383780943;1,55467073360346;-1,04837404289303;-1,462813882532;0,575270065286122;-0,212384534334193;-1,21136956393285;-1,52130691895267;1,78372163327371;-1,39515155259298;1,36506696116786;-0,476833973447801;-0,469733073278302;-0,788347355862436;-1,05447538161093;1,79652765657351;-1,38364907127931;-0,91730864134197;-1,01579622072779;0,342007145269845;1,48809277284324;0,68978306458172;-0,788742799372212;0,422834880334756;0,464438025474082;0,485545868918879;-0,913595725369014;0,622160349139776;-1,3865352488304;0,23338399343145;1,48561676006627;0,534431077894892;1,11907698948666;-0,442252998509738;-0,261671923669765;-0,602817729818726;0,84761099185938;-1,50006014543915;1,3401057510647;-1,15320262995944;0,567234781470496;-0,534037508086174;-0,291986189416012;1
-0,878400025904526;1,088086512014;0,0542911572554387;-0,0918791268243087;-0,239029223875812;-1,44253670339455;-1,12145219131982;-0,736192582407848;1,40188187274252;-1,3733132303847;-0,814356971869372;-0,24281779071164;-0,108059044992562;0,691497135593906;0,258252375186687;-0,186089180719831;-1,5043656663421;-0,908568577698614;-0,0947719618580213;1,56039850666382;-0,081229532876114;-1,11513968027298;-0,782464743101137;0,136750016423472;1,66493714886733;1,17855045019467;1,25164337866063;-0,667218882044963;-1,47836353672615;-0,507780154854299;-1,45790691275873;1,472263514898;0,378457565057932;-0,635209244521579;-1,57362902634205;0,923874504574791;-1,28529426210118;-1,11855773248944;0,948850585826127;0,365208986698628;1,37046900036887;-0,719936029293811;1,64559151831846;0,210507253558437;0,221195705480579;1,41188788054161;1,45307675037608;0,321128090670774;-1,11591419917108;0,324493984153263;1,12656187084484;1,38493101506221;-1,03607200881357;-0,480757863518874;1,39671079442112;-1,35504801022161;0,278763590525072;1,60925326395973;-0,0651041525638724;0,274132449057281;-1,00246795892741;1,23747881385292;-0,849616710271762;0,31787436300676;-1,50719398221604;-0,594908363639606;1,0704367673582;-1,06463746506105;0,673338497345891;1,02608999373966;-0,492582583208712;1
1,37551728380802;-0,129340792280789;1,2996685419973;-1,39341920886758;-0,934503386310606;-1,0530605789946;0,754636085701454;1,68368794652435;-1,3288734363581;1,48931300768807;-0,636102009767071;-1,12880732470051;-0,0735464853850794;0,098776135396125;-1,13702227491737;0,977364561068534;-0,709012685561267;-0,307784015845889;1,54652221541951;-0,92795427918104;-1,18990010362221;0,692788094059835;-0,897678165951484;-0,189063934910318;-1,45164490971081;-1,45502918406011;-0,229926502387969;0,168868152883343;-0,753098022871393;-1,23847440467574;0,986955137507324;1,40987385101158;-0,42035520639404;-0,752103553813511;1,58664739924772;-0,00196934213261876;-0,548996265229066;-0,645729707822204;0,815239161676474;1,4775505039848;1,34057673988736;-1,58560791246571;-0,285231262691204;0,60116404903816;1,42113752380943;0,84671372835583;1,01488648483895;-1,32125001476665;1,40592892486609;0,224438191555578;0,256103205479422;1,02924548158983;0,952179808388871;0,42969613697788;-0,861340678476012;-0,904910439344918;-0,819302255422412;-0,0989071521854876;-1,52941392824988;-1,0671138313436;0,946907367775162;-1,001871696275;0,849146340302639;1,67964241269943;-1,08528175891236;-0,275934416396859;1,06158932607533;-0,909082560664675;0,282170180530198;0,634988511597044;-0,0612788027955066;1
1,69651719779955;0,607143933603273;-1,61910041245003;-0,570395256438407;-1,28322793253678;-0,684633454519497;0,220816028257649;0,106342893365255;-0,601056932458588;-0,777411139567045;-0,568161022985498;0,489917554398439;0,756699086760281;0,225199882423038;1,71809683954117;-1,21950840407019;0,887748763034975;-1,57770907460029;0,871227460059011;-0,849813104646256;1,29889496707357;-0,781606444131478;0,244987678533996;-1,14451946601046;0,717948574836909;-0,741266519714072;-0,258246871629508;0,0436024241835819;0,0545256904554517;1,54068565787125;0,287767422990462;0,113313778372622;-0,897502858410583;-1,39629437338683;0,270350413376009;-1,29708547876867;0,849938239446233;-0,735860576625306;-1,35016542926856;1,45802249019388;0,640575016570149;1,49558735652874;0,732479753819806;1,38406115879056;-0,206421021646088;0,183798937963823;-1,6317758088899;-0,246557723760855;-1,13012276991673;-0,812109229370306;-1,54444204655;-1,10476115533686;1,12243602590227;-0,245409850454336;0,341715817738005;0,788122891418715;-1,32784449544303;1,28698878408617;0,473225899250422;1,21960831770303;1,33518314763575;-1,51278714643824;-1,63818354760251;-0,380172859804103;0,696391167968231;1,08009492916762;-0,302580337703289;0,462992709634798;1,71641919957277;1,32518156779753;-0,307876912990683;1
-0,135483332571601;1,45061674482279;1,09457924170373;0,199069741689963;1,48119200375017;0,175583669189411;0,547241503491398;0,746418606197712;-1,21519667185837;-0,86202503164946;1,6645401966583;-0,581342791027965;-0,885685819642246;1,31296021243324;-0,364496833323796;0,676030185691439;1,02986542300825;-0,0463370882257588;1,16298431443369;-1,71408393323197;1,24298410519695;0,477854847794039;-0,870659643784988;-1,6228273627611;0,389530294302773;1,36116824753368;-0,641869013004178;-1,06304971902757;0,401118060989878;-1,2625396769137;-0,399903836963516;-0,269291256278207;-0,757214283851783;1,17640334510213;0,211296855417467;-0,939055739020175;1,62425432283022;1,16415476726141;0,463905716448143;-1,20876500727949;-0,256768122562908;-1,28519693199623;-0,130064573433008;0,256469028645331;1,26513724272742;0,688528027593037;0,868596457808467;-0,0832931158993474;-0,759595591419476;-1,41985148315796;0,276700048864192;-1,30906580003155;-1,27617393170986;1,21315671650353;0,0583321748277262;1,06278659243292;0,576708610473885;0,97283882633094;1,48566422018575;-1,62454402191739;-0,927115095940301;-0,13427655561492;-1,39926723292606;-1,69722477307855;1,21400357811261;0,189263674802616;-1,56869628531007;-0,385964391945816;-0,642904421118115;-1,17000887243751;0,727900635659774;1
1,5166428640169;1,12026950336976;0,552309582426025;0,121756257223886;0,71723788154905;-1,30732268291652;0,469877499357642;-1,38659818131151;1,34298834407619;-1,42893541734887;1,06931120056314;1,33828990084295;-0,0283857812121598;0,0353826472756803;-0,989718162011804;-0,886689752269144;-0,419165508746307;-0,769462057871031;0,76048775476883;0,0601330878745439;-1,26146411970148;1,31925390110732;0,253622591233638;1,36127841242391;1,52908143722057;-1,82799520245065;-0,29598077217575;0,648683121706835;-0,813951621648001;0,431564151410745;-0,625558945798207;-1,35825465270689;-1,51555636283924;-0,606181077007368;0,32437496219876;-0,951148347616536;-0,348510037571016;-0,899905507164696;0,893551426508171;0,370635960406386;-1,91904351393243;0,355078182648942;-1,83382885395327;1,26544316164439;-0,497493700393352;0,069429139713371;0,102406216116672;-0,275503306825329;0,212461770941398;-0,970965257315474;0,31455435768389;-1,69466451258302;0,110977313972313;0,255597868065205;-0,0282978796558138;-1,75087226523208;-1,08161431600554;0,849257299727372;0,250900949728569;0,596971855858038;0,646884218984485;1,47942050737606;1,08557957006175;-1,03683703547622;0,854849658174591;0,479304625128371;0,905585035540524;-1,37046593234645;1,36923381480217;1,61965631532999;1,12004641502713;1
-1,23211465923035;0,264244940676794;-1,32509222608337;0,300768413041769;0,311784414898992;1,5016606407738;0,930407654767227;0,177596032855291;-0,230698857508184;-0,00928978019153053;1,94454002521532;-1,27765671368452;-1,56328293180652;-1,6042063929646;-0,630223582879774;0,462481160700911;0,153618225207788;1,37432049838332;0,399047536381648;-1,59044088409322;0,740186292941703;0,78822672285994;-1,42050861708613;1,68288950330889;-1,51110060601404;1,21819387978855;1,15017494857987;-1,30387370091603;0,966235000563477;1,1101105567495;-0,217175105016774;0,282941445434773;0,525944716157062;-0,173592186238407;0,0991363868233141;0,236763717680428;-0,0161429745800775;-1,49405848291337;1,89389776654006;-1,05815185419718;0,197744165110199;-0,763579466308835;-0,967396104738438;-0,834778703649474;0,951845524899036;1,33632285138329;1,21905440942313;-0,911229426131284;0,0499610665330557;-1,4269218416297;-0,681979045510974;-0,541660494500067;-0,453101092965714;1,79256660870601;-1,04915563713725;-0,0548531499720423;-0,0391524819457125;-1,04249349727401;0,0879629793471704;1,05907876722869;-1,37242034751471;0,510375315974621;1,17684926441006;0,624678817860562;-1,51602071488339;-0,0623074599280895;0,161886802276657;0,575797486550134;0,262145452330331;1,09850093155804;-1,24528190442765;1
