-0,0124214548778461;0,177798396417031;-0,114192344313563;0,119550379127565;-0,170194985439474;-0,0822204401475897;0,229775686713155;0,279773516983427;0,0686512075444091;0,167093435087834;-0,0457849016888032;0,24228103845799;-0,216639698609126;0,114331016122922;-0,077763388480179;-0,0940675680655628;-0,245693101388424;0,0216131083928967;0,0635579588710534;-0,021975912167535;0,215099827471745;-0,0170483296175047;-0,188218885454177;0,0567069042111413;-0,141885691677789;0,0160013001719002;-0,185007705354567;-0,0280284806946506;0,201366693045866;-0,168842096328207;-0,0553769759145251;0,156552191760541;0,081475271791576;-0,280123450324413;0,263029661607547;-0,27839288203164;-0,140142966847444;0,225687735833208;0,112230523774585;-0,0176977671351986;-0,0562009251530108;0,101132841633204;-0,184522874080353;-0,209492554399452;0,105278023317594;-0,221015169578645;0,174774138513791;-0,161113034767555;0,0195227056133908;0,126469808084695;0,000697194512363831;-0,128011272155157;-0,226533693212736;-0,00826368079214166;0,274498718066646;-0,286059541169791;0,075330865961758;0,119787167384745;-0,0292503451040956;0,104490130298076;-0,187899150702472;-0,0328822485016445;-0,212279591971889;-0,0531931120368341;-0,0682160049070904;0,088349322460106;-0,129880649243036;-0,227202664194163;0,141987770424825;-0,0900569223579887;-0,244611017127568;0
-0,180694421312182;0,200069000527762;-0,209430689903198;-0,256461402923974;-0,176719430070909;-0,123211871446602;-0,269412746964175;0,242115296802998;-0,211556938008594;0,131913577567559;0,266791745322438;0,243135229601409;-0,215789530948279;0,121147125068879;-0,218052119668818;0,0923994690638272;-0,200947463325732;-0,263935752481609;0,258402786867888;-0,0630373320839484;0,0307562816772602;-0,0357483349721463;-0,282946022432941;-0,120485032342176;0,267367739258084;0,0227260176956424;0,159356653865931;0,149409866417088;-0,273757715051962;0,19955189557384;0,111290386798504;-0,0124143892829305;-0,181106787938071;0,0803944093028132;-0,109294800084904;-0,0373938567734687;0,273583412599912;-0,0424886937776175;0,160531732228105;0,12783874618626;0,0540571970164831;0,168358286491198;-0,108379823004952;0,263262968639966;-0,16400448011546;0,0146689378063969;-0,28717647693306;0,116346178803737;-0,140850301147722;0,286636269305729;-0,219619601826753;-0,253953327622003;0,174271399466387;0,26366682563541;0,0153191171046214;0,145740329569414;0,192328607051252;0,201740758348428;-0,233142726272608;0,0912409681428986;0,00811789059691751;-0,128136197471813;0,22518659594551;-0,120422417672984;-0,270063225140394;-0,0114802813040816;0,133555601630029;-0,00549752434164229;-0,0602444907556668;0,1100281530141;0,109502472373366;0
0,132227646361335;-0,133781068800264;-0,160122375227822;0,173591886809018;0,153084411095512;-0,218054927876644;-0,255522575163457;-0,247166968136166;-0,0379876144577632;0,0192160787192521;-0,247675940847256;-0,000426248344639562;-0,269707568448241;0,128485081491144;0,074557298511057;0,104000627160133;-0,15408719766403;-0,225611123711258;0,0356512862551321;0,060963952084729;-0,218843761657967;-0,10003238341446;-0,221395651824244;-0,170965560320107;-0,108493021421154;0,233858106455138;-0,278643821241418;0,242639777870911;0,138162217098071;0,171799752085818;0,00900746331803257;-0,114095746350047;0,0398079617476273;-0,113552618977087;-0,0611608322786387;0,170514157087711;0,0437073587847592;-0,200611477083059;0,152921121918559;0,0731088415366085;0,157164766305259;0,158221310575145;0,0955313040946053;-0,218661526485803;-0,0348925844652768;0,162976466782276;0,204207748484301;0,0417789167453222;-0,0539341077420015;0,175205507445236;-0,00304361661539067;-0,070572816539834;0,194790638898651;-0,241622214980078;0,0376598181218825;-0,0584263861336551;-0,20307183288547;-0,279843230817165;-0,00860150767927785;0,209912720549825;-0,230097522544677;-0,207475937124918;-0,0946427693247874;0,0808990493658691;-0,28047780050823;0,157106221412241;0,250452205817183;0,134531466438296;-0,101040502139668;0,194729557332796;-0,230393147534077;0
-0,244162136490421;-0,0878458297203672;0,253228860627973;0,19448560168892;-0,0863786563236614;0,095122728400385;0,28795229057101;0,154613440054619;0,01921692770602;-0,261036057938614;-0,02973632207729;0,00588746970346244;0,253643125562285;-0,115843047208241;-0,211106136051583;-0,0181999693392478;-0,00925623918174421;0,139473978810481;0,287951969764466;0,0828995740637311;0,032864173692474;0,098676446505669;0,233694817278184;0,0125199481718353;0,0739542875207272;-0,0378223360095179;-0,276054161180714;-0,228870141887023;0,0986876100319321;0,203210676874543;-0,221010133863445;-0,14786699702446;0,042022750834652;0,114912239069863;-0,0495678960344192;-0,273413402728917;0,232248194180128;-0,145421400759548;-0,166647941463906;0,13713730137541;-0,20033770754703;-0,143770254962334;0,262867980524152;0,180262362578988;0,0903252154420632;0,0773230090810696;-0,0575994789776228;-0,0939443193353394;0,221314751452803;-0,115380225157961;-0,0309779709105226;0,285743903537265;-0,098306055994684;-0,178856432640385;0,0274290946828993;-0,0521521670866405;-0,0308542310891012;-0,0499775034533118;-0,170155101741257;0,242130095595306;0,0804904736716488;0,226136016548583;-0,234760585886763;0,106692666740927;0,250660491834281;-0,17255574096228;0,25455113477826;-0,151955529417027;0,224411264735628;-0,228379149232117;0,0402382523900745;0
-0,154521254331646;0,0154355043649365;-0,139871747520393;-0,00744913429868872;-0,114051987254642;0,126494881890967;-0,237253961210254;0,212881148639222;0,287317694349108;-0,270909272941345;0,108576574064076;-0,159498477430376;-0,0766185807195567;-0,0564977681243842;-0,21606762149126;0,241125474879674;-0,0698072324344132;-0,203203271522487;-0,288102144857229;0,0481272442696344;-0,00846071827601053;-0,265952714927741;-0,118091621149763;-0,234039588205689;-0,135787308186163;-0,199696084985021;-0,134511102126225;0,220288286654157;-0,0278054595051069;0,113458290212259;-0,196330365470046;-0,0276691681615171;0,159007484775469;0,135067938361414;-0,167143132488327;-0,0203780167371212;-0,249120724383741;0,119279117567754;-0,149205333971909;0,112039366931843;-0,0842866857882968;0,0278277638169161;-0,166786380180915;0,222352952627202;0,262600315517023;0,0949480780695087;0,132544410742244;-0,127495981044139;0,176041697416091;-0,122994799932504;0,0336719513032236;-0,239438673803991;0,221826993683406;0,014180022407699;-0,241987445243365;-0,179254955313355;-0,157159290394751;-0,196518575224154;-0,162348242021976;-0,20504231817907;-0,0296804318922583;-0,166855831954962;-0,049999807765121;-0,116827011772602;0,21610750843815;-0,154440673683857;-0,0278195462963955;0,0789998968284789;-0,180041051545508;0,0949968111553112;0,199559783353964;0
0,101600065907283;0,236688478358872;-0,109455095879621;-0,158272485851519;0,254397933816523;0,191520081162624;-0,0497581578675142;-0,205953487813262;0,0599510296537783;-0,0415540798178154;0,283671294827364;-0,246439826671384;-0,195497075482053;-0,210900077000414;-0,247578107575505;0,0411902540645264;-0,145858953541679;0,0863689676953292;-0,278574593084421;-0,15390514225182;0,238084266749864;-0,00905905631972025;-0,234849431702289;-0,148966617085349;-0,208117269742785;-0,212858844327413;0,240727047501136;-0,284440971720399;0,12635457329143;-0,167918791543546;-0,237141901995685;-0,238141345408081;-0,20964152964867;-0,0318681673770182;0,222758301305391;-0,185440736253413;0,0405956736535777;-0,118233907650232;-0,205698963150438;-0,0800886205665295;0,183285283382213;-0,281251503320342;0,068387144233696;0,127198177548195;-0,0226653108101725;-0,211102421193028;-0,145189148192518;-0,196613350681637;0,172999200104205;0,0950554881610663;-0,172647008664166;0,2833173450426;-0,192152874370536;-0,0417844625023185;0,252161932513551;-0,180027293682447;0,180851494151711;-0,251174894703722;-0,240841632018184;0,176570362234486;0,241479449570938;-0,0560036020565654;-0,0416216451952426;-0,062816594712126;-0,0950985937315804;0,231126224325995;0,253888118886736;0,127057507804415;-0,142971962396355;0,228549044587358;-0,290091835498501;0
0,263061370018003;0,00138151493631755;0,092200443391558;-0,0465040097245835;0,228649354160756;0,213240215356034;-0,0713611933410338;0,164385109634273;-0,287701264459207;0,223016719774555;0,146653982273324;-0,166753755915154;-0,259387330779086;-0,28595819878883;-0,229772831128835;0,244697944871905;0,122829348763098;0,00665631601888108;0,112099179078388;-0,0756058144956738;0,0010841524478499;-0,168078691541498;-0,0915829094754744;-0,0308816542280174;-0,0513975304706713;0,0510565577843506;-0,159482676963628;-0,0683896446296744;0,036894880773282;-0,174304124170315;0,0184397599125173;0,237045027624168;0,235136571426298;0,0944609077501176;-0,145021962772719;-0,00875058580316785;0,00633309814735592;-0,285966868687185;-0,267173837556655;-0,102581093129031;-0,0384737284167052;-0,124873588428545;-0,243826783468427;0,244240058369381;-0,195860948611836;-0,179936262050861;-0,0729207303256068;-0,0675448118327462;-0,156012178512196;0,277114695363541;-0,159627645785812;-0,170285224123916;0,0356152744347071;0,0134684431735817;-0,000489572036901164;0,140453645650051;-0,197721991497658;-0,167604318289875;-0,285792895163362;-0,113093619533045;0,0820364764102117;0,287714867198091;-0,163196187048459;0,177289275620558;-0,0861094560474123;0,200295370558606;-0,111203911432002;-0,0631618226197535;0,149750179893339;0,0696641705837831;-0,0523215691849012;0
0,118109801540833;-0,0168562623339138;-0,0760061437020314;0,253554329830481;-0,164728675033055;-0,214938323982521;-0,0451365519354056;-0,125707121525631;-0,16214768432926;-0,166709127799493;0,198748550778568;-0,203063882026929;0,0504666013191913;0,276009937524947;-0,101961431873017;-0,0892566627199893;-0,0690182876567341;-0,195735936122431;0,00521080748668037;-0,10171501021496;-0,11674899947222;0,290512442385627;0,13660619788584;0,106068846370208;-0,0355021797053458;-0,252363817289537;-0,130429643179535;0,0396630985073436;-0,105469903260992;0,221954065290591;0,280927508203597;0,0733914241833649;0,0650100668134712;0,038749848638992;0,0129489685828046;0,137257454119448;-0,179064997772711;0,0506005292525503;-0,126447312913297;0,064705553723122;0,138100976347198;0,248789219145207;0,167041205075348;-0,237070907643002;0,173974341541093;0,200092333315569;0,0770236275418;0,191965754005061;-0,274834440083846;-0,00113438263085462;0,248500792134182;-0,158112302406772;-0,146147043502791;-0,119307235110707;-0,226258985622132;0,118283775064656;0,137223955689697;0,108611425837211;-0,00162990637362279;-0,203051273652968;0,206177735106464;0,205886765466701;0,270449197644811;-0,093415333710401;-0,156950220093639;-0,165329289314247;0,0226124670690499;-0,278969663229251;-0,0276254469673072;0,0514675299169858;-0,200878080856728;0
0,171067599000166;0,221397792700315;0,231191669673008;0,0508704293472927;-0,0748518027079764;-0,167215178599171;0,0829906896193916;0,222780920738564;0,0550919028885348;-0,0387010289218867;-0,0317089812751457;0,0238111226817394;0,186350895279313;0,264139689065858;0,148353394700919;-0,0711479482232936;-0,106369113985272;-0,0256775816483263;0,185351609427598;-0,290652917479699;0,00300999229952761;-0,238455980283277;-0,214082455169779;0,149214234526108;0,222900626789947;0,269026437409846;-0,030229877123701;0,210565728360087;0,0486172149458901;-0,113206549662931;0,0653068748616007;-0,0710952149370822;-0,0356155540913816;-0,0909427176835768;-0,213253222775433;-0,0888236791976376;-0,0866522972663498;0,12050875145145;0,139279232995295;-0,0051874622456229;-0,236453149839145;0,176516921008097;0,233964606647292;0,126336171178369;-0,0527996995278403;-0,108610773124489;-0,206588113543952;-0,0668686068668095;-0,0146171988851085;0,196505074818497;-0,161704834855128;0,0373943343285256;0,0777093595145445;0,0514340314872346;0,0867983427531946;0,118837163373993;0,144793831960644;-0,20870898076255;0,118656218466796;-0,0531918242083727;0,15370111443398;0,163111377168754;-0,116522710116776;-0,122387963357985;0,186678512125963;-0,251300182247513;-0,231259739136329;-0,0133928029465606;0,186706495931842;-0,0535093420108933;-0,275182066866394;0
0,0638085504727281;0,125729601265829;-0,100147344236229;0,236486648268896;0,117179487200881;-0,181734171021119;-0,0497322104386974;-0,0886724818555017;0,0408249840049853;0,184928135044348;-0,254047686166341;-0,0655034886642541;0,142798556036843;-0,242188130717252;-0,262773875376375;0,141881841457823;0,203636830330834;0,112945355472679;-0,0414039702399759;0,0570689047511685;-0,16862973241325;-0,288833882924796;-0,0982153587057825;0,131797839229847;-0,108878111098449;0,00235321521542274;0,0656661540958271;0,230344074961856;-0,0921859331897768;-0,168037449897609;0,0974911053120587;0,0371113131107986;-0,251794272783665;0,181000725775441;0,0651730305815935;0,202351148972147;-0,112829712158677;0,105633799127788;0,260305271461764;0,00988491848566195;-0,0961603735101086;0,170649917002402;-0,212855181447639;0,0525664566567291;0,117062384690872;-0,0620715500764417;0,0313651497558309;-0,170886248550183;0,158765971592887;-0,102495607795887;-0,144210153557713;0,164348257490211;-0,0625759497376322;0,180108169147388;0,184134081456306;0,0619560174880738;-0,0667414559378385;0,0587412324433742;0,0546783434578955;-0,175860143923992;0,0432860907925035;0,0106101305088963;-0,287172964575175;-0,0818239820068552;-0,20324938617716;-0,000472583367690068;-0,104395631790039;0,252484246170852;-0,0166747453893956;-0,174438608439072;-0,0359748622929499;0
-0,192683384706405;0,143326499920365;0,239397527183812;-0,137457137648173;-0,0485932335062023;0,214707714432294;0,139904600546938;-0,275950961370475;0,243879854887442;0,261674481369042;-0,0541340132634403;-0,219108312540481;-0,28037674130334;0,266859119569553;0,223829263731298;-0,190999153061019;-0,141216026021603;0,287553060228584;-0,28746940281593;-0,0215938109994648;0,119115471307399;-0,239730960239557;0,145478999476306;0,257285243602608;0,183915911890445;0,167136465668127;0,159655216468666;-0,0348705730755603;-0,173151447850888;-0,248362334195853;0,0695673194944284;0,136474912748663;0,0425181641225091;0,224165670406513;-0,242213184760758;-0,269664658339604;-0,0112870610119944;0,0268788908861111;-0,0579591009469412;0,13793471896523;0,0840403594246732;0,0440057779043988;0,101484904479903;-0,146848209383584;-0,193266311853506;-0,0609679728600724;0,283890192637615;-0,0579966856669585;-0,136392233999009;-0,100159846216121;-0,253866021677886;0,255617601851718;-0,0198917584829153;0,137841618469843;0,135596082309101;-0,243638840376297;0,288533916353509;0,272798699490654;-0,0306866336291679;0,0749567167351207;-0,235633917945822;-0,115911242286951;0,187886902389864;0,201555773173845;-0,0985792540348366;0,100077489897347;0,0290599392464596;-0,213855995800403;0,218385888420862;0,202807506161452;0,110974323860425;0
0,122591499001736;0,0548257452660753;-0,13471770587171;0,185052245485312;-0,21557672250645;-0,05052944881001;0,00164079295043957;0,159865139546665;-0,0458025311589325;0,173932688939962;-0,0730345137738256;-0,189164754986002;0,217694814274682;-0,285182728427417;0,10463613355216;-0,134319744677872;0,195362961562116;-0,202116827812038;-0,289260760293911;-0,267512158783663;0,00660065540680191;-0,233120891394171;0,157770598227388;0,0828822210016023;-0,0907348141978255;0,146805291423985;0,190615547215508;0,242417460560703;-0,00265738584140289;0,200658503802918;0,207059772528568;0,0143038418216299;-0,0485133242510107;0,0795522458329039;-0,0857711047701711;-0,0898945593238071;-0,175860468520655;0,243475788893981;0,0604863889061008;0,0975770243431625;-0,00379329250638057;-0,177752855965461;-0,275570518379685;0,191710443704609;0,128087011737453;-0,2174329032104;0,260878504024631;0,196052085691812;0,0874710283224531;-0,0562891813342318;0,124383393593794;0,278947247921085;0,216960232805322;0,179633249035665;-0,186312747455827;0,0650259744864565;0,187741562948137;0,0730864890361371;-0,0148993562263124;-0,0716955980209847;0,0495414198839323;0,0499097482991867;-0,128163890521382;0,0442253809475995;0,257559332320843;0,203348060313994;0,150034985174459;-0,152543847467671;0,0912747922522039;-0,0961557230334827;-0,249145692066667;0
0,242573588577585;0,0280831991913113;-0,0961513687276233;0,0269675496321674;-0,106332904537187;-0,248236788923935;0,256746570432229;0,245481625173599;-0,163988326896876;0,176613203308804;0,285249877433145;-0,1357399836712;-0,237054620416621;-0,214411305700326;0,218798940516934;0,0880300249257575;0,0625398426227741;-0,0248214226207193;0,139889336652822;0,0130502936375056;0,0417394583526581;-0,0323112707891565;-0,158504428982364;-0,24265081145022;0,236983375103883;0,241097450465371;-0,029109483417835;0,224837527293215;0,215425367332909;-0,0767814724754084;0,122735935582853;-0,185909122469841;-0,107059664553514;-0,097829905177015;0,172496220925659;-0,0398223671796766;0,0224251856234957;-0,138020716505952;0,21070657299081;0,0225763475009421;0,221681408425358;0,118291279771988;-0,141597445238886;0,0423776145796616;0,0549779583602372;-0,105036683939063;-0,181795686014211;-0,0320497292615247;-0,25192602410554;-0,175368380521213;-0,203191273357765;0,162963991062498;0,242071871508832;0,181480399238462;-0,000198734509874813;-0,0158015565427087;-0,104098787735774;-0,144186973186854;0,0806705904377348;-0,0567439390931084;0,0715591104033494;-0,258777372770436;-0,26063015806876;0,203479561487982;-0,236809148183499;0,180472583993536;0,262006096791764;0,151461700669844;-0,0962211107165346;-0,0320651082128398;-0,225081576607188;0
-0,0901258567807237;0,0551584202979203;-0,17337342675757;0,0820553011215975;0,21413459449012;-0,18140024145972;0,0898043723474239;-0,0069423539010069;0,0513336431334956;0,132206720570133;-0,28774617006576;0,186077135489305;0,100107331944672;-0,164276615027093;0,250458360429805;-0,137294578069223;0,00214635211747412;0,19305524524231;-0,102388638441082;-0,226409995353352;-0,124074257099101;0,071995108965763;-0,0232359038255313;0,241703653007043;0,189772365286344;0,0882350219312982;-0,0543905908174189;-0,0114996531462894;0,165191790276151;-0,0763563648213768;-0,0425709707746051;-0,22651503445444;0,0708255000167496;-0,240973219823475;0,177620999332409;-0,182880845144872;0,124758882356951;-0,191261317792586;0,0763530869094553;-0,125087730992439;0,0967832558262518;0,153441796623603;-0,261349468605211;0,101735756246209;0,0686188645596597;-0,154168092350292;-0,070051074103982;0,0770697606056257;-0,196581092703854;0,0270807461533096;-0,0308266712351602;0,249092871336984;-0,284518888184902;-0,0963415287689375;0,189679096401362;0,128565450162963;-0,212292091785998;-0,124390663855162;0,182969351744703;-0,164786843350628;0,163676765267149;-0,189382390415737;0,118552271732292;-0,162996407954578;-0,115908724564712;0,22945528029813;-0,175434780436894;0,0503941358586968;-0,0512111984500518;0,142652789665227;0,0286329554832757;0
-0,0972787459993901;-0,173984257576595;-0,267987323358094;-0,0325068352701541;0,013170362186746;0,0426581616615239;0,16571475583771;-0,117601627462067;0,053254041727186;-0,13240031987417;0,159226064486405;-0,105604976351886;-0,152575371786609;0,245156722323233;-0,00097742620213915;-0,232682562178988;-0,123519387123763;-0,139965900315387;-0,241630866740005;-0,261275169268324;-0,0415368696973364;-0,083544253627839;-0,0495464856493662;0,0019219196498625;-0,00452076966746159;-0,255796891018139;0,192333355258817;-0,0730419350985286;0,12985000017098;-0,269419727822848;0,170241205946771;-0,162405456853772;-0,0485474664596311;0,289134206579484;-0,22423434114522;0,13239071300413;0,274154851082642;0,226851722410667;-0,114177681694834;-0,204779127408011;-0,0873204317142579;0,283897379516355;-0,160971105891933;0,258299892432991;-0,286235715128706;0,206909001845599;-0,0195587723905485;-0,117466714368361;0,175755117546877;0,171451426567668;0,238771022596319;-0,100326379735366;-0,100266747619497;0,113241543024101;-0,220516590728838;0,276951923537899;0,166248643982221;0,0207771729014938;0,262700350306757;-0,0217191627045648;0,141011222312157;-0,0519297249732118;0,0432347882764032;0,0319873536405836;-0,0119551099114909;0,0309451054307279;0,233628906017195;-0,151023162456643;0,178704647559004;0,157318276703181;-0,21615099735218;0
-0,0596846936249795;0,264898197288896;0,253834676577456;0,116731678355384;-0,0347478333042412;-0,213259563645356;-0,0171599621729076;-0,00252878113088103;0,0792566443963895;0,0544482972818593;0,0191136537177277;0,0418893632640446;0,249084989512762;-0,217504334509716;-0,0201188302273128;0,228547706675174;0,128897406425717;0,218964381398872;-0,210499848773669;0,256828484931359;-0,0373087377283021;0,254837788013359;0,198227896919181;-0,0551039338107176;0,255295709168404;-0,0500238246694984;0,0977279563769335;-0,0204314135649678;-0,0264944046499844;0,263966511737853;-0,159222025843356;-0,00548494601791454;-0,272249575065754;0,0969160080103975;0,00776930031184824;-0,0745381611148125;-0,0634150082875029;0,287196280578168;0,104917658484853;0,199525071273805;-0,107277809754322;-0,267380461877075;-0,107242709999082;0,214518955923026;-0,168788847315021;0,196867327672194;0,0848362146730912;-0,04119472775915;-0,282522695593628;0,0930838146650034;-0,185954916317972;-0,0793011279460644;0,0985180804232226;0,191176207681272;0,111844156285572;-0,0238360657288888;-0,224016115539735;0,0182521944787234;0,15212238509643;-0,275410424544193;-0,0203011041128396;-0,28741496451739;-0,266720792390347;0,105976548567986;-0,0770160927842348;-0,266087816173808;0,023452522420349;-0,138517434407085;0,0654127810878854;-0,23626708502195;0,00127629905322741;0
0,132387541757;-0,176639692995432;-0,119338504138024;0,0734198787762306;-0,0606146917606768;0,0713940821029912;0,274395356905605;-0,177001502405147;-0,23225803441324;0,15582637656686;-0,151763731773366;-0,0285951338807897;0,171108196594462;0,159235012146375;0,210765518012159;0,186683389468313;-0,172739366837577;0,275758267634275;-0,259081049868713;-0,141208461484528;0,209019213143224;-0,155612520427712;0,0896416671195961;-0,0708602405228054;-0,110549261146382;0,290026746422721;0,077467157342382;0,000848632797810732;-0,193387447050663;-0,117271610657605;-0,0673327668292732;0,184078907062415;0,244430805337772;-0,198878900297674;-0,0276560421655217;-0,193347850860083;-0,0728298313482033;-0,172930087004408;-0,118227567863201;0,19545626807757;-0,20772505653589;-0,0954327190255796;0,0936940036002197;-0,140550385201603;-0,159223788248923;0,0318665852728499;-0,147142573075359;0,237427952331061;0,00290480511305653;-0,162084789732671;-0,0944945266515243;-0,123589286131911;0,0338074150471484;0,195627792372028;0,0829435018194537;-0,00268635372473797;0,0244050557944221;0,242208152294231;-0,106717275986837;-0,0599550222739482;0,284613340670059;-0,0171396918016555;-0,274300471263934;0,175699992153816;-0,0675272725133164;-0,0451562229263311;0,0176604766908882;0,0793006809826862;-0,103795361597553;0,113426952962791;-0,0311731950929338;0
-0,290495695742618;0,103299419588026;-0,163850902036833;-0,224169820858088;0,0137655162593533;0,041379891881518;-0,0604943635882507;-0,202322868183332;0,148270569490218;0,14648290358863;0,130725620920771;0,288630243594204;0,259383758591458;0,267909331903369;-0,234429896606813;-0,140414923894184;-0,241883402943706;0,00886401379232222;0,265716727468666;0,0729335092549452;-0,0243515677329847;0,224473604891879;0,232413870320197;0,201529343316961;0,100101051175216;-0,111818663671096;0,208680427355854;0,217663303221163;0,176618850586858;-0,276480307327488;0,0642431618514048;0,0505368980191636;0,180164268059715;0,159774821269713;-0,0946852468183559;0,0637977101895137;-0,0930280988254686;0,129111197320666;-0,22150843034935;0,246620170303194;-0,205786996526777;0,153844604568114;0,0356985704323944;0,0842484900468715;-0,136798696160162;-0,0150835194864098;-0,242997813945941;0,198477076159897;-0,123783791815954;-0,195427714941597;-0,0311425362748563;-0,220249748719086;-0,0788256731567692;-0,250192972201604;0,283864788549501;-0,224282884725048;0,161571965177278;-0,0746938294443438;-0,0335844561238536;-0,165102235979001;0,123385880435114;0,0125287491000361;-0,0882553028607403;0,134064460908256;-0,208446674172225;-0,210497693007842;-0,182220440374961;-0,191077478587706;0,0719081628122748;-0,00754119088687644;0,243299590840735;0
-0,0803081843549212;-0,0603139717677782;-0,271589858743978;-0,0119659101277277;0,112490243608352;-0,101911381449965;-0,142521035636124;0,047641623567673;-0,175501845247825;-0,159507265634604;-0,280483064713492;0,0507606791276669;0,0813601496190053;0,045348644856818;-0,00619350533895919;-0,161323844733517;0,139670824351869;0,166596448629662;-0,161088778002758;0,192912160921685;0,272352146528325;-0,127990762464931;0,234280221539101;-0,16745212604137;0,0723706702826367;-0,048586508480596;0,192320525433588;0,00200874830964618;-0,21698741906177;-0,123549495020899;0,238766080551214;-0,164117502561828;0,174443814980373;-0,148040889872882;-0,241520767829385;0,130750638958142;-0,0979222303222415;0,0524593538355738;-0,119311870968301;0,168314912634368;0,0134065849039523;0,168350962897433;-0,148769026785479;0,285091445565053;0,113182529239156;0,252454485881819;0,121070963429704;-0,201970599858011;0,0884332470761846;0,241512567635125;-0,0312048488173799;-0,0669875113079179;-0,0576894750944169;0,0902330641008881;0,26163386022186;-0,24300383779944;-0,00390777739742969;0,186548683206842;0,206349835499086;-0,129609663820502;-0,00354549097410317;0,14615663196368;-0,0260573732800072;0,238734065682524;-0,107586930276368;0,174320853757786;0,167003280056744;-0,0612853764175624;-0,00381700322324694;0,153742271612349;0,227284801498174;0
-0,203474945393155;-0,00477809631148702;-0,0387172747276759;-0,111180839891717;-0,186685232278558;-0,269908151588902;0,239875191883498;0,0100517606289235;0,110602600310268;0,12102894399915;0,103604709382149;0,204261917142912;-0,167813570787445;0,198341769705931;0,0150671759496821;0,184258388442039;-0,206475665029965;-0,118988334185292;-0,289203345939395;-0,156027999553878;0,00621550238036615;0,136795934245938;-0,280388623057248;-0,118826012300979;0,157936368849723;-0,0962780797320095;-0,0968166765585532;0,101991959931971;0,229548091390821;-0,205235210084375;-0,108330076062183;0,0925328192746853;0,225377391373286;-0,276458649772499;-0,118416319333675;0,228477000913019;0,271714215542709;-0,0892725119168451;0,157632676590968;-0,263782102119989;0,0469034466285219;-0,114189493331531;-0,194939180720632;0,0400478080897979;0,183536215553197;0,232581130730218;-0,148930218402012;-0,250294119932857;0,1680323096834;0,280748881225197;0,0827925291772596;-0,23298345814172;-0,00530007319330232;0,0190838552567766;-0,0696171167916418;-0,049584463729643;-0,0150758891636887;-0,210577678336147;0,0215692071680106;0,200279263362901;0,117594940879101;-0,152803183957923;0,0711900851475527;0,0251513944851927;-0,061327395848117;-0,279614525801986;0,269570941679076;-0,182041336924395;0,0260716731301562;0,077276590946113;0,20323058880878;0
0,17348326279633;0,0140654051331902;0,265265172090044;0,0877549697270501;-0,170281420197553;0,0410486990571202;-0,0297500152375962;-0,0116758119447265;0,216041654028954;-0,238034277239447;-0,137208972535146;0,224646066158022;0,239485626075074;0,00265867664781532;-0,166033033829913;-0,192853523441462;-0,0843928797929406;0,0838448829285924;0,221854560305418;-0,0471335258327422;0,191605477969406;0,179844696824594;0,248039829137516;-0,09069062708964;-0,0909797853230052;0,105306837430366;0,0705958407036253;-0,189311211971535;0,172464325445733;0,253696604960592;-0,257575297387067;0,014320622846437;-0,199930697172163;-0,213168123493033;0,19999568229038;0,0436375526345392;0,0201211706261037;0,222015301439176;-0,190022112503539;0,200053253122687;-0,276012289835542;0,0917845495180298;0,0962139690485061;0,147627124692899;-0,0358825024952022;-0,0867628342064945;0,122390874981929;-0,268193698072073;-0,185980777927654;0,203925413548926;0,0632774055625662;0,0248001960564621;0,0949035287341882;-0,166276299130595;-0,279061305070076;0,284324981881185;0,0567119919051238;0,0652693832702339;-0,111951660859395;0,0150981582815311;0,261139274262945;-0,131125219175511;0,10654627851899;0,253031464977812;-0,27114539576183;0,139156820527867;0,133890347420735;0,161967333658657;0,0933494102668855;0,0810158294449979;0,077711721841884;0
-0,0157217653226672;-0,0168194204773185;-0,268885108726719;-0,0618076519066497;-0,190865487458074;-0,207055688133362;-0,190273711464832;0,235878291315012;0,286469464792939;0,273602378357887;0,048103122866248;0,287355981865569;0,259225327806257;-0,100267216511424;0,00831092246592102;0,210103510021699;0,257032017867881;-0,224793234332407;0,206357116318644;0,277611976638865;0,24553820326532;0,0432805463891213;0,0855661451243797;0,229600394769192;0,145799345249419;0,27592468690849;0,133868919980144;0,128086104545279;0,115647092886381;0,0700332342822205;0,251109957232722;-0,0708566924295082;0,0236898085367977;-0,164472724202408;-0,211687245024217;-0,249066799375669;0,0731022215514569;0,186217768685505;0,202490598297448;0,200694254105097;-0,0437007125394939;0,120077507864672;-0,107734709742884;0,0321821958330938;-0,0776502645127531;-0,12779478513163;0,138007366622183;0,0626122655797856;0,0112300976816986;0,219739726415618;0,167544745462303;0,0960741520816133;0,177678709857691;0,0940902687155825;0,122859934486014;0,231684104197662;0,188300850307752;-0,207799087586461;0,0830794187533815;-0,176103758457114;-0,0502381922040561;-0,0276734001006612;-0,170455217480819;-0,0742501853987311;-0,268193994784285;-0,171726600613694;-0,0270202425806784;0,133011636099214;-0,179266387396657;-0,0333086940678595;-0,153685127439208;0
-0,219872166727073;-0,136597416720405;-0,285023553695903;0,0306262732689094;-0,165225720508802;-0,139671159777445;-0,237302466618164;0,0165642433724949;-0,0170922855284008;-0,152769095623144;-0,219429761509091;-0,17383040904587;0,186593782380213;0,193174904729367;-0,135650610758341;0,0421510136222506;0,220285955730665;0,00335375722102829;-0,152684933312428;-0,146681233773971;-0,0097851067715325;-0,187548065977327;0,0879079408451117;-0,0397539696002964;0,274659103470617;-0,000153690563959559;0,257201891565297;0,00968977470792874;-0,196610079808509;0,189911873358498;-0,285690685386481;-0,0488077629330072;-0,246147624159892;0,0827384379453761;0,0967304962799267;-0,0580148471074319;0,172015847644144;-0,227222420462777;-0,00260076091463394;0,0806688480656563;0,134916901016466;0,0663230849504945;-0,190514711627668;0,26735175307548;-0,121494846604415;-0,144529406964241;-0,0663625839515819;0,0232613257813517;0,158143031883506;0,0768088016735056;0,0433802175981064;-0,161028537031264;0,264104961825221;-0,177313876203338;0,146786395241774;0,258362315159703;0,0661810583439334;0,0454168318138431;0,0466535857077421;0,125614385964608;-0,106186635433292;0,0436941745833572;-0,0775120927284458;0,0836822570225513;-0,157764826146113;0,120064417333366;-0,218369200795428;-0,186831071474613;-0,19424200746001;0,213050652258541;0,160821581887556;0
0,156821960283992;-0,284731897773788;0,0573326345313655;0,00908828111901281;0,214578224187423;-0,287719770259109;0,111242603679081;-0,208945538905332;0,128502094525409;-0,224477522521828;-0,0567458501255046;0,142233158733873;0,0172675344274351;-0,144154760149058;0,166024267554233;-0,0222263088487783;0,221852667952896;0,226638458613052;0,129054597029673;0,166490510458085;-0,164087400079149;0,0168104097389311;0,162471269030208;-0,103830932410502;-0,199463689476341;-0,14685123823051;0,016489447259231;0,134430163312143;0,0491271519716694;-0,216846622078264;-0,170217928386419;-0,0731830826680886;0,235778795534415;0,2066736356954;0,177244673223564;-0,166983055166926;-0,0839140886155945;0,104284258587099;0,222894586963801;0,255395669509362;0,245624870574302;-0,0363240451902752;0,208837907091783;0,0594054925769853;0,241245630601663;0,192147431758935;0,195906788753569;-0,0628493987378403;-0,0331026777908962;-0,148395689727306;-0,149535452838874;-0,122783114178215;-0,0326101885802331;-0,244126274108994;0,0342225660572546;-0,150674865364389;-0,156516750894546;-0,129522848967583;-0,0821344453140959;0,0707430465084825;-0,0135228016088899;0,267498856276388;0,032613725032449;0,0546623006942223;0,236426821774041;-0,274249183366866;0,197140779108907;0,101280314641486;-0,0307130174631728;0,0423209068117092;-0,228998636142634;0
-0,173118006543653;-0,2869425442602;0,164345343429761;0,211552055793233;0,162923061020577;0,0986589185565977;-0,187620639456227;-0,0543901471027146;-0,100924705325826;-0,0520716110746285;-0,211347569912379;-0,12315357480641;-0,0931635742104747;0,223375246670061;0,243251601701246;0,250113521821594;0,189218653733959;-0,118235346271305;0,0372331226785034;0,28022011163707;-0,245077655557462;-0,104267712008255;-0,138534875454131;-0,0217679447911979;0,268812430207364;0,221748645686726;-0,136510809511889;0,113665086712394;0,224808398059079;0,285693068559478;-0,196059941797367;0,258550034634782;0,215262831306845;-0,210083469494122;-0,267103862204672;-0,126526985827465;0,0937308838994557;-0,164991913992777;0,161985920946128;0,0413526319884632;-0,259582527347769;0,215553714044582;-0,27189615589772;-0,167871758326339;-0,0928616476059611;0,0999660151733486;-0,164909116666526;0,121973469933612;0,283861635982246;-0,23367628927901;-0,282764290534502;-0,0711707549966593;0,222740275767774;0,0527872110840892;-0,274607396494622;0,221836121374053;0,142278747103382;-0,104573127688491;0,233426041495319;0,231860831243301;-0,0555166878409633;-0,0105993102591707;0,0114878707476566;-0,0959313579758535;-0,146698085186712;-0,179211188637711;-0,047729990203805;-0,173766520625803;0,199792692965282;0,0790921716192607;-0,134303777987311;0
0,0635241518172858;0,0104651486920169;0,28656690659949;0,249116223075389;-0,169944953692594;-0,123057972019985;-0,261349533037242;-0,219592713094687;-0,121840000875435;0,0959713464438021;0,0322021364639494;0,120489866639598;0,167798271428639;0,27777094318453;0,165797229108743;-0,254876657042441;-0,128210795686695;-0,22616248890895;-0,198253567669274;0,0218806829786033;-0,0923824043215033;-0,107731539578645;0,220811505612277;-0,193817096080023;0,0417031988208515;-0,0866205726125245;0,114721617987584;0,269512742769823;-0,2043368748777;-0,142990410532296;-0,281829011950174;0,212867192877779;-0,0859169515464649;0,191313904617751;-0,055602026442338;0,209050512220774;0,226859785077733;0,09435740391815;0,186023973107422;0,0542076774845879;0,112941864231174;-0,175666830503254;0,0645796264613038;-0,154796931109951;0,202967591604537;0,159597239010681;0,134376015228467;-0,0830158852509333;-0,0218088983860046;-0,21502094750472;-0,21020561042656;-0,238290447626302;0,107359844725107;-0,233474927268793;0,248765042243642;-0,119430724513519;0,0803400589891896;0,189697586770064;-0,0832733916549122;0,20736203482938;0,052906825901881;-0,240175859897615;0,275430577692463;-0,269536006252588;0,0871139424845256;0,11002135949562;-0,0842795977233869;0,267170782720338;0,0426865537174178;0,247433132797419;-0,191050026210725;0
0,0681182163046053;-0,121500046106922;0,0382251707555876;0,199625234656879;-0,207401989727699;0,118375249869501;0,0849220208127785;-0,106098271775111;0,17279237571962;0,0696898280684581;-0,092948912670933;0,00063522524637769;-0,28000234328243;-0,223471216015186;0,247147851585579;-0,185179067756778;-0,143128440187122;0,233235278283559;-0,226857717838269;-0,161975962677866;-0,25352421760178;-0,113055620336388;0,269348354187492;-0,289385564326743;0,0624313082193393;-0,160410992286267;0,0434292168044422;0,0487755423149731;-0,197740183800533;-0,0468095791753818;0,157891648417579;0,164983976941099;0,0214443847260265;0,266715494615455;0,0123625891782844;0,17389601439007;-0,221551741939931;-0,142413746016222;0,165480616061891;0,0528804415264305;0,286104454085861;0,00510944263572461;0,0346206485349175;-0,153014209148528;-0,144830677336636;0,049875330765457;0,264746505065443;0,244621625672048;0,130652506808397;0,00451401134294823;-0,231837573445715;-0,25675091147267;-0,0211421443537629;0,118722679565835;-0,228212224518394;-0,109512579268457;-0,100161984384964;0,0369243191728807;-0,15349248947191;0,243695418468018;-0,215740382844391;-0,254539937411645;-0,199044503884028;-0,0710844610144479;0,202484595560329;0,0327535262974182;0,269877256429801;-0,256031421988434;0,0548526107159795;-0,217434578713941;-0,254313741726297;0
0,28997172173855;-0,222931753687782;0,0109482565447501;-0,157394000854277;0,0320527556719451;0,143010147038145;0,131676147426569;0,146131528919343;-0,278130438455568;-0,13447108144226;0,0894940070418446;0,208809451416026;0,0884322207659687;-0,105658421639117;0,123956143980799;-0,104560294614588;0,193408121069642;0,204241303224399;-0,168811247462709;-0,0166284171344157;0,0322103547966386;-0,279607672453762;0,212471613503323;-0,022065591538628;0,249957975588056;-0,0865324693896976;-0,184981306360085;-0,0648123887994069;0,113102212275396;0,0706844902451057;0,230091511144428;-0,100917400953382;0,0574006696128879;-0,0318586628402046;-0,231122879274814;0,256867258124562;0,258596015010937;-0,0145697354893384;0,0304214357191104;0,0381636896028484;0,0588482840979162;0,181479206162988;-0,166048466925792;0,0874800840008289;-0,0145479739767861;-0,172662972918221;0,00320969125945359;-0,256112455284781;-0,21215796432992;-0,153372594997444;-0,214217280549291;-0,169586309303384;-0,0670225577307618;0,0898802543299245;0,00416231938651425;0,278892978282862;-0,144716951281655;-0,257672567826072;-0,116665560532883;-0,172101190847807;0,0373050374887793;-0,0941978796834736;-0,257657099265503;-0,0581285127912234;-0,0738761766772381;-0,100275007914223;-0,139277634106312;-0,170395532303277;-0,165221958273753;0,157775301765687;-0,0724698937160753;0
-0,0827085593504698;-0,116866548404161;0,0837114788438928;0,215209714677118;0,141417564543101;0,17712721038148;-0,165694886406956;0,283168798347608;0,131934532596827;0,200944255260299;-0,219555266984754;-0,143340840378937;-0,0242116086366106;-0,00578464511505368;0,108991404538361;0,25679157268683;0,258206831192413;0,254665433682731;-0,219329441648226;0,110897793496767;0,225582166927559;-0,188590590865906;-0,0881637893425323;-0,289827763795381;-0,13764025212806;0,148449889519041;0,182766461774881;-0,129330155231383;-0,204959381972013;0,257301077097541;-0,11708119234672;0,199795918898422;-0,0792468501861569;0,209783714628082;0,159177694710629;0,237966655010227;0,139952379334795;0,165356955562256;0,153431170752863;-0,188920648008068;-0,269708480784149;-0,25015495026423;0,0420863227797409;-0,082359030198656;-0,0338261114359168;-0,241543455213987;0,0572409252805577;0,23834254823328;0,10781883469385;-0,0663801646916034;-0,106798049389275;-0,134374550076558;-0,236578932534977;-0,24380890764053;-0,00736564473418413;-0,184804384394014;0,261983656847821;0,0828528267298236;0,0621635508957282;0,28365409093351;0,285047164516048;0,254321684733877;0,197441764410171;0,165319871408736;0,0273390316975684;-0,128664769973726;0,22659242571667;0,0566910926447576;0,125724076083767;0,161711165437584;-0,173847222557415;0
-0,197836540279293;-0,189452152979582;0,260277622269292;0,0899198583714666;0,185050701282339;0,0600095022638032;0,284881656765574;0,0346847635499861;-0,186783212823524;-0,199477451670967;0,235110329451051;0,0535374259842166;0,152107198629041;0,0734127105773657;-0,273393058179612;0,145688435523949;-0,126124358455077;-0,0735370565471842;0,0532956631951932;0,266669414071856;-0,233586863304478;-0,187493011242922;0,160463495728803;-0,183281396614666;-0,233343749608576;-0,156910298764951;0,167452867280455;0,180988354013226;-0,195847757371641;-0,177449465021206;-0,29013658327365;-0,178067943759937;0,236794085165716;-0,183219358043638;-0,199647925019432;-0,235608813006426;-0,206170138894818;-0,043042350102547;0,0982700698929271;0,0458725292516328;0,267788415991698;-0,242518352729612;-0,0417396521901982;0,192445126695027;-0,240749580844453;-0,0899021571597896;-0,24535185012832;-0,19877925507808;0,01004567396773;0,0163332104117748;0,0620303682622965;-0,160458266717508;-0,218258003020876;0,185728167275178;-0,230946775162387;0,280342886873079;-0,0592292327989358;0,152872602974508;0,0325771920705928;0,0512745841378395;0,183243050892798;-0,186793113157102;-0,0601538949878233;0,281352668107133;-0,200027284306767;0,122491857301538;0,10742975672795;0,0446401407632289;-0,0176257803126524;0,252902170736264;0,0611721585093174;0
0,20760440755692;0,118879289469339;-0,28326328196589;0,289567413989609;-0,281754926484316;0,144933056856726;0,258704784943226;-0,233218231679664;0,147244823460663;-0,20224486454608;0,0755457064490847;-0,119743735863954;0,0785054481260346;0,051206582625947;0,161008099353308;-0,250496356648511;-0,239620498018911;-0,242958998790701;-0,189304395983061;0,11430683570196;-0,0683563259598767;0,21506687373631;-0,243690930154362;0,153315894268285;0,16389511323935;0,108321958167661;-0,0324059043878811;0,101785995092344;-0,0725550222365406;0,0933545020217103;0,000694425017900942;0,109532941144023;0,0478299191409161;0,245847467811907;0,145112376614826;0,011348859722603;-0,225681136964437;0,186847169195019;-0,239878264587521;-0,155276585893098;-0,0272476018327122;0,095404418744722;0,176018784519379;-0,03716696722553;-0,182989071465737;0,223637038616302;0,152027072795592;-0,0605403304282641;-0,0703489677506253;0,0823017980405986;0,0563638388374111;-0,00308727635552013;-0,119007800239042;-0,152091080875146;-0,161157931440256;0,28322394973006;0,0718838037142512;-0,145892760324724;-0,165014115159191;-0,0993904687425267;-0,113347454664843;-0,133767626058568;0,130023206466327;-0,236796094470497;0,0877471263454686;0,256699181214512;0,12311276090458;0,123344396223577;0,196780621920571;-0,141027176278745;0,265871196225376;0
-0,13578125130448;0,28760568170627;0,256658605819487;-0,149131978374778;0,126925671204851;-0,251638326692519;0,0841624529806176;0,0456185498245711;0,230944490532497;0,246981301281519;-0,262551989869067;-0,118551453066481;0,135829595632311;-0,253695752725151;-0,286904714536029;-0,0621456745263858;-0,0907654158933877;0,116318983342713;0,152574842794216;0,230151471917802;0,210898039269738;0,0611748684447596;0,150198620064455;0,248757284681195;-0,184166391683594;0,256067628187845;0,122128463080426;0,165772322338451;-0,149001836770799;-0,190162138197727;-0,262003739337435;0,0333654635606151;-0,22000820738133;0,107117017724673;-0,098541325767559;-6,54215234044674E-06;-0,0849799901490785;0,287727313409081;0,00260281326434296;0,244175860513129;0,278407766643084;0,0991751057601546;-0,105272189782238;-0,0556853541145954;-0,141481880705226;0,275470242917363;0,284880026743466;-0,273786757654796;0,0839654249720475;0,028158439831448;-0,0768082391114827;-0,283661003028586;-0,246480636783095;-0,0804922322870966;-0,235713258953812;0,0937302961602105;-0,153279354267635;-0,282785094771158;-0,255652002600633;0,161544458926456;-0,0830803738634954;0,209076546551616;-0,0960660293140801;0,130420212820775;0,218298624709504;-0,00523103752023205;-0,1892296615946;-0,261973838001812;0,135531988951858;0,00378824352576152;-0,267852100286757;0
-0,0878063133930192;-0,17697024583108;0,199085398190537;0,242430121184168;-0,178963482399867;-0,124239357682452;-0,0848024417303992;0,0995527494769705;-0,168950218691507;0,261874017353829;0,105228804825772;-0,208879518543046;0,113526139307203;0,177332516823205;-0,269029152218299;-0,0108403155657398;0,151170440815216;0,0521438607690344;0,0984147939816805;-0,137413603794155;-0,0928813112873705;0,252692900100265;0,131744770247337;0,0365698184671747;-0,221355195817983;-0,0954452808352152;0,0549940133064372;0,0167024370853506;0,154435572724456;0,174013488602513;0,256167448835828;-0,118632330697204;-0,210509234463164;0,0053241242087552;-0,279688341627913;0,183995658711944;-0,154879619064182;-0,0322359375618149;0,233936639355505;-0,0727167620667873;0,222209503372214;-0,0916514283386786;0,203984632000324;0,190356857482076;0,102377237220182;0,127269649185212;0,0810942472881665;0,243774111907019;0,196641361018353;-0,285077137863942;-0,0497136865003662;-0,0234312828613963;-0,253569220939272;-0,149484568589533;0,115715626910063;-0,0498127975838338;-0,0180286001689669;-0,128170836186088;0,173098901092701;0,207168214344798;0,111453044920561;0,1891815370937;0,235803592661964;-0,0522772913845705;-0,284979847391448;-0,0668252803864732;-0,289056699989332;-0,182484400811002;0,166334442541669;-0,162338395020793;-0,146647112411008;0
