0,101222277083035;0,27421984215676;-0,273114338476794;-0,284131957863144;0,0349033443438132;-0,245277972848312;-0,266169894460244;-0,253404087057014;0,122456884786024;0,0836384648989622;0,180540889256435;0,135081976422595;0,0914775303465229;-0,0441052709777674;-0,243900226238307;-0,106976717517544;0,288998451808526;-0,0316517363931157;-0,286840864017157;0,256792118193315;-0,283303576892072;-0,0266875391229372;-0,164668168482472;-0,0561070693409521;-0,0450005730059517;0,131030957820666;0,223037411119794;0,0597774938887576;0,255776763047091;0,0280649075331608;0,0742035225303439;0,146198311366371;0,123569327362626;0,225313636961016;0,215423698055992;-0,118983310381895;0,0221299940613328;0,0853389537204952;0,0165714554284569;-0,199112235485267;-0,0339945936180304;0,0467047517795404;0,213658565768443;-0,273654819804897;0,254335734436139;-0,145937055992761;-0,254534888701748;0,122213448929965;-0,108621356762468;0,147609011170365;-0,0266595496318786;-0,24774995213506;-0,11288182386529;-0,270542593498796;-0,210737218002024;-0,162776599703478;0,148201594729783;0,0736791467736083;0,0515550310522578;0,194558802432597;-0,177628968058656;-0,035260972439552;-0,218494434194655;-0,196294438656586;-0,281251473540832;-0,256343838019386;-0,279173766849481;0,156850309294957;0,0311574468756903;0,165769500053038;0,161579704330573;0
-0,0870269178214192;0,242463224087877;0,20295778737756;0,000100295901895522;-0,0393219127621623;0,0503403110180695;-0,181699764587025;-0,0197563878676411;-0,189749932922641;0,0948794306129644;-0,18986245371962;-0,122287565258224;-0,182518664032723;-0,235961958744411;0,0312670587559543;-0,0316062806777891;0,103425504951972;0,145364439053589;0,0875138818500204;0,023501510797772;0,239137263197175;-0,256902493241213;0,11269906890531;0,269203148482839;-0,289420037087928;-0,0254872299352546;0,11926658851558;-0,283089762173515;0,219993156546075;-0,15744970505273;-0,120698782087256;-0,199630413855176;0,0162955590939434;0,276715722749241;-0,230319047719909;-0,199526760313488;-0,0251531953334006;0,0200435265087587;0,119271110669588;0,0775695051879023;0,039214943407358;-0,197250881268201;-0,0493814519345516;-0,191007044089817;-0,278452930248486;-0,203659823090778;0,254710645747518;-0,251018895821626;-0,0218321163873361;0,0659488585678531;-0,0919128558920025;-0,279200545668082;0,23432998093512;-0,148418426654184;0,213128857042849;-0,120810840489657;-0,160922260726882;0,224441054804171;-0,00116608291962604;0,276851733082542;0,22176013841194;-0,18929641832296;0,0509368714957339;0,25838618803954;-0,0751082032092299;-0,280918455773895;0,152103291557282;-0,168547970872515;0,285043504884949;-0,059892596840008;0,284233330565061;0
-0,207304437466237;-0,264593087525449;-0,280742039247332;0,274972983299864;0,145701728555925;0,083165374602789;0,013019697085677;0,256969662821875;0,204926201912299;0,0104885402266768;0,0795990684277557;0,0294287701232706;-0,136642117931228;0,225149566748722;-0,132184652328624;-0,143273978880845;-0,125972430161323;-0,227099550203058;0,181178208679197;0,252081916322845;0,041092165771878;-0,269476806481065;0,133105793496496;0,146495782685412;-0,0621750541791322;0,0424986631455155;-0,0170812240646413;0,174787575028863;-0,288220890384041;-0,0650766987386103;0,132572200710583;-0,245375984797125;-0,252625935456778;0,0724019439122417;-0,175294834335215;0,276078957766817;0,224385604273002;-0,132704994044598;-0,223259287422526;0,0867102008170042;0,116744458096891;0,258157807891746;0,0845941310775245;-0,0243232230535845;-0,148525345925266;0,0719612274632196;-0,103107426482488;-0,257449794618632;-0,233609966790056;0,1530419390164;-0,0126106941908446;-0,232134836578907;-0,186821119703698;-0,0212880972534027;-0,0475452511162665;-0,228514046894622;-0,107012465112495;-0,136551406023294;0,0464616215695462;-0,18748335049904;-0,19043981724202;0,128918537966264;0,254504137296466;-0,0206835152585403;0,168602755425544;0,0342886373154306;-0,00863171032940133;0,0816423540659802;0,109757985174488;-0,11757719418599;-0,076973167244397;0
-0,283953852026175;0,286846153128918;-0,196218408047257;-0,155348957683496;0,0736207737895816;-0,0633845216491397;-0,133257399359369;0,00433471270122858;0,156550134267098;-0,145080326281447;-0,0503178453554587;0,117711125909469;-0,150576413490991;0,238220411361684;0,0740206213800399;0,232131550816023;0,0593485777060746;-0,170739220880942;-0,237467203350044;0,0924050069698617;0,070250594386846;0,111519800295306;0,254910478985964;-0,0135363978504261;0,278512336040076;-0,287032745314169;-0,185408769573385;0,0977604374303218;0,107872432668753;-0,210093478116829;0,105936635360982;-0,0765213638836703;0,174653643305384;-0,0606713096486524;-0,0193432580741193;-0,228294573798375;-0,281289127565891;-0,156625555479357;0,169520391003602;0,125556890663968;-0,264441481662575;0,149800297184927;0,180597903211898;0,248283391691856;0,150564444022889;-0,279479003852654;0,114394134878007;0,0317824892892254;-0,196104281863946;0,0928435024088571;0,222706127873974;-0,038304840962528;0,0565387726150814;0,0807042147535979;0,143462654278207;-0,104787236412031;-0,258750741766495;0,108004405712619;-0,143174877814122;0,069967103194301;-0,168662167985205;0,0596685791197587;0,187148695941925;0,0759571964744773;0,0396694542670215;-0,264482897381238;0,233743898513535;0,200781312067111;-0,0331227464736463;0,0116287792689653;0,222734262472465;0
-0,0747122827240186;-0,0495731959750937;-0,0723376781045616;0,0661600727229873;0,211136713111369;0,221608312992858;-0,284059328615342;0,126585574036135;0,267304923983281;-0,110740464282727;0,0734951570468395;0,00317830338481807;-0,275657485649554;-0,142113190081353;-0,14644493958594;0,157626279410698;-0,196736987357664;0,0865524519825906;-0,205242437571538;-0,26023024794133;-0,0986071173690604;0,277235738244215;-0,191133128100149;0,00353264273972249;-0,0334236448728843;0,253338017152452;-0,186045709172029;-0,0820724784846151;0,124360925494678;-0,222536486456739;0,204299238720346;-0,225781180146578;0,0829533547765385;0,160795655845842;0,00673199468854275;-0,279418060896884;-0,161809965189807;-0,276142273878839;0,223012357076288;-0,0357091334954396;-0,265377829060603;0,272105247585934;-0,119793385887953;-0,109978848432422;0,048529090877406;-0,234196140174509;0,172119765682029;-0,0726160293536195;-0,104572022056488;-0,131422760882487;0,139794469961749;-0,17645755582493;-0,118566724811558;-0,0188273886991548;0,0306549639320753;-0,0612616050587841;-0,149126483784395;0,214816095065166;-0,191102698313578;0,248485111868367;0,116967606255438;0,0886995657787227;-0,288461767367993;0,19915499453057;-0,0243532870936234;0,00858992128396773;0,21091136451773;-0,145766725585946;0,141841231139554;-0,157713294598506;0,0287498286910552;0
-0,211281129388274;0,154226510815752;0,121153111833352;-0,285538834790177;-0,0800259490455447;0,106342708222718;0,209532136241723;0,245689967771766;-0,0899139206078249;-0,209468164439027;0,17725673609104;-0,268186872337577;-0,0349027295322858;-0,0716445405090378;0,0900703786358262;0,18347196057443;-0,188905672433757;-0,160545723995683;-0,222692816162123;0,16039483879696;-0,0859396443455229;0,205646840344189;0,265213661117371;0,138009676158573;-0,0633909789298757;0,269880599044477;-0,0282619645090728;0,205060854570651;-0,250747246316012;-0,154421088782789;0,0272000753585247;0,0762291554162764;-0,237545143367432;0,130513826335908;0,060389183440573;-0,0399976507312321;0,0509665792645398;-0,0239749698184279;-0,18000550293183;0,123082102627948;-0,0679722041166676;0,259812543202849;0,189497638203696;0,167266860397944;0,230397286073847;0,0662000222068495;0,0371273780737431;-0,0198868808698422;0,17626275018;0,115804376618988;0,109130621042036;-0,275907417499713;0,0738476313922272;-0,0274217174860162;-0,175996942872872;-0,126241553823013;0,179699265607831;0,273829851584229;0,0685385600491488;-0,0592201321805717;-0,156081743177659;-0,286215134238378;0,205750798178328;-0,226179247734486;0,0540181761118983;-0,189658835234686;0,260044686939306;0,125269860041256;0,158652691959839;-0,160618386542392;-0,15818103459956;0
0,125755713294121;-0,271226636973303;-0,0550885028806208;-0,062319372995822;-0,0550657716389223;-0,274537213768957;-0,192739615190023;0,198298805994175;0,161095414772725;-0,0579331949387161;0,282311332270219;-0,261888311518799;-0,0758652070255493;0,0271347060846247;0,0124210769487874;-0,288304891885401;0,0805629900280337;0,0158243532993301;-0,104055678645864;0,0709894995703865;0,067823143589761;0,198172886041873;0,169901045158192;-0,0115225701038435;-0,0724434857877393;-0,236624670884929;0,124990470028732;-0,177437731623404;0,129369705399084;0,0968417511769937;0,202543933941937;0,112146843079768;0,0461947208129421;-0,0167010046909026;0,274061323657365;0,286005635383041;-0,161750281636602;-0,255788760399644;0,1697552446755;-0,142390755963506;0,081752464888404;-0,215155370319396;0,198129561185874;0,289399478667594;-0,147706659538428;0,266359593189871;-0,00907041070557245;0,0373724620903393;-0,249089316746339;-0,192040359258735;-0,111204718998178;-0,181240909167524;-0,0279780453037472;0,0590785297966717;0,0646822377201292;0,218269243161698;-0,150441266222045;0,247120483132673;-0,280562303117533;-0,109127516663443;-0,10884126788824;0,275384532342832;-0,221757315314358;-0,226432752313719;0,0302092870287968;-0,120521926718999;-0,0173966164222912;0,231522213574803;0,0437597983367093;0,0171018574751969;0,164131805660651;0
0,045665334518228;0,13675552453328;-0,252351338591807;0,279923450591433;-0,00770790200029245;-0,290643091053451;0,171187982400047;-0,154502326474865;-0,0481166630681601;0,0631321557300936;-0,203068407971057;-0,219034830786515;0,030723648748369;-0,0826399457342781;0,093098427200011;-0,150561527525934;0,27780260692572;0,209303173498418;-0,234894335413782;0,145760485695635;-0,118184348859824;-0,265912873191561;-0,0118036545705062;0,257136927834183;0,0970543484550224;-0,284084470914488;0,133875897590143;-0,0314962242706524;0,263501683090021;-0,00693020629728802;0,0500937916290742;0,28429907966308;0,024495241687914;-0,0654857490099364;0,133816362393044;-0,0273100177913536;-0,06631312262139;0,0698414951146891;-0,218296276189028;0,218225918305698;-0,0309428327126423;0,110936393698088;0,0582407758600774;0,118426743515913;-0,196459275826633;0,203732947219897;0,0382054518467228;0,146893609330009;0,227797275738236;-0,260646815102515;-0,00451280743856149;-0,268467375833065;-0,0120322821589582;0,162027787689011;-0,00837026138897447;0,0208917918003394;-0,142127236805664;-0,218801850516541;-0,10781731377304;-0,0143098469952541;-0,133832572734143;-0,0880022092387503;-0,127317593655436;0,249499959138578;-0,277648051808431;-0,196681071724687;0,0471563434350208;-0,194477018151144;0,0742301077821279;-0,170277970918085;0,206438011004906;0
-0,0827253040984188;0,136913033777996;-0,162433837810031;-0,113983097501172;0,0615656733515377;-0,0334672331421889;0,160456017823031;0,162909787751366;0,184007817144576;-0,0316035068517611;0,277668704169584;0,0313929159005618;0,233462082283086;0,288269017050723;0,027874751552689;0,00564494591258813;0,153153869908353;0,233570928288488;-0,177761845316745;-0,175869196895139;-0,138197688014299;-0,113027607021721;0,0866999867156758;0,0613720751303919;-0,233627039383342;-0,0524324285559262;0,0994272326309495;0,105388379414894;-0,290464620011396;-0,134109812124574;-0,0580039459115827;-0,218022914361569;0,107388830746871;-0,176398410197971;-0,212473919249593;-0,114693993701611;-0,140284860258377;-0,0146755307192664;0,220750481168938;-0,236327390966922;-0,011896838719245;-0,0910252223584571;-0,00113871500816542;-0,273392756052943;-0,120814860994277;0,171291290770138;-0,0700932600290718;0,251917357997304;-0,0148363874516697;0,088360398272175;0,184688889436118;-0,137361530530183;-0,0386944628105766;-0,285095189932396;0,0539492831097549;-0,260384112986148;-0,240473368847129;0,0668805029690273;-0,17104247402728;-0,176688314001986;0,157791950136312;-0,235618777501313;0,162687991853312;0,0274312133596995;-0,264285976849628;0,205005202621702;0,214690501063141;0,119174076571606;0,210056520390866;-0,14811767065515;-0,144756609738484;0
-0,122857015281831;-0,2778659687899;-0,232120870259274;0,126714057733555;0,243513950253608;0,178797523895894;0,0694063268591688;-0,108499479784781;-0,11423191424403;-0,273025584436304;0,138196290543095;-0,170461649042887;-0,0881386023741209;-0,0281122856512421;-0,21132883129085;0,111357964358458;0,101797604769817;0,0603387226017244;-0,242776222172895;-0,164907040763932;0,0835210526820453;-0,134319472601436;0,106752379261474;-0,103432925193783;-0,0669644771273822;0,0369732016976806;0,262116487541585;0,281579636706135;-0,0351336477065297;0,247287205616447;0,101419079308772;-0,248825578303012;-0,15740513270597;-0,0575694078987906;0,0168594888084992;-0,150181977649733;-0,0972600084607527;-0,121122831756501;0,101121748765597;-0,148495220972592;-0,0191932797968482;-0,115306433155642;0,2338758561262;-0,194349145475132;-0,271090756316233;0,225529287451024;-0,0398598216820168;-0,235142916898508;0,237729270350672;-0,197039177646205;-0,177793519616126;-0,231851061939568;0,162146326654311;-0,273897045800668;0,0624087534889202;-0,279223958589845;-0,0939319321419236;0,161998470843959;-0,0970078810485122;-0,0841456673535226;0,207367452263759;0,0785131060624834;0,217320583831199;-0,070832703951027;-0,083758247835626;0,0963354529366568;0,277629899572533;0,26011722143412;0,245714641449709;0,229539562268333;-0,0820684430902394;0
-0,0677659793831318;0,249903389745577;0,196405414709147;0,144972654942366;-0,0918589300717629;-0,0775089128181857;0,0104151088271556;-0,123028584787;-0,00180734866895614;-0,213853392529753;0,206572988530643;-0,246836049553986;-0,128780885969774;0,134394309323123;0,0425837253388896;-0,120285489047873;-0,174194502814752;0,170708254521739;0,00539703148889423;0,234436370401641;0,0314279366047377;0,266571465201461;-0,10541899979033;-0,0651762573269017;0,192980030050118;-0,0419406010773905;0,0140221441677767;0,180095518269944;-0,0767397933434403;0,238585803787941;-0,00929062720668646;-0,190171142438767;-0,282496707827111;0,175715681353484;0,180658875676456;-0,191068035775695;0,256427327854613;-0,128183284833584;-0,136418732348767;0,0889713701377907;0,186339374940371;-0,0056593602784906;0,195485883529894;-0,16097869073322;-0,289891952176334;0,0346627397070198;0,055415053891523;0,0854594026352997;0,164344442734934;-0,0740654739249205;0,161137986477835;-0,201277448997069;-0,0503688059486356;0,285789607776142;0,177190036214473;-0,0436510286751427;0,0646359736264579;-0,0291047438734008;0,242679040801698;0,240768086915078;0,199155358923488;0,121006006466661;0,24439762446589;0,0502932634525531;0,0861236505863838;0,10605771505996;-0,255025757636325;-0,0138101514138082;0,244421849556117;-0,0570346547948651;-0,0860264009930361;0
0,244675197928282;0,016440570961056;0,207112077260553;-0,24258942044818;-0,253599119026222;-0,219600834237883;-0,235126724966561;-0,0659707210600178;-0,132369125566351;0,193330760940536;0,219249157441927;-0,27493534037444;0,28801209649093;-0,213238598599344;-0,0986995941190669;0,150884079419319;-0,277599899693803;0,289212061048461;-0,0663765115578515;0,0349824065072967;-0,00515434418143581;-0,0801759097258324;-0,0865004033543945;0,180502427123753;-0,22535304743574;0,0406294311650689;-0,145493795832109;0,0435840745898462;-0,105263251326844;-0,000997918566104776;-0,221461210604119;0,131723968988632;-0,0693073183796505;-0,278725488841334;0,207149204459003;0,0729683959513244;0,0332055327002609;0,237692612314872;0,140102739331245;-0,11473661034671;0,00907628268356855;-0,253820438722833;0,0843617504585995;-0,243249089934909;0,270592617391011;0,105254930931651;0,24707194388441;-0,0271545538575525;-0,105863171203999;0,245860051550091;-0,268112273851972;-0,0123357965528193;0,020111945204519;0,198669354607288;0,20981435909785;0,034164691744665;-0,187745441593999;-0,26407676577265;0,27345004289701;-0,00354213428184066;0,216579377503676;0,0119756163530432;-0,251393885642624;0,159315208909203;0,124105555635205;-0,203161227456155;0,0850583939146603;0,276051169422814;-0,129701387148897;0,119018425839059;-0,173007869190392;0
-0,224606096099225;-0,141577094192234;-0,242326317120592;-0,264780292085722;-0,0420203213680529;0,126148755725018;-0,133937729328936;0,200596225642193;-0,0399215624579417;0,0842439031901086;0,172347173934893;-0,141239170115605;-0,0604368869674856;-0,0235720606235823;0,0815610018581505;-0,179074392125337;0,0227097429225113;-0,197853432029734;-0,117701903195112;-0,0299725783641261;0,00659588256346071;0,254928985327312;-0,147041542296365;-0,0406295719409361;0,287787082239975;0,288259862829241;0,215732957458846;-0,0766682296606639;0,183067428937716;-0,270489878892459;0,261707190371046;-0,188139582618106;0,0658048188663921;0,128181504831034;0,247180238156702;-0,161445118270036;-0,0282481535843393;0,17276323078356;-0,0388517354435474;0,198702351929097;0,236878703644386;-0,173986575505392;0,022685189445502;0,202900378437501;-0,246454212340667;-0,137471629440802;0,0997294172343119;-0,107799146376664;-0,248141862132395;0,266599580578631;-0,228337764917301;0,183218185543099;0,278686931955665;-0,141695411706265;0,111082664155597;-0,188848665517087;-0,285221967805319;0,0889896707297943;-0,261880958416247;-0,0395937682878436;0,201102214175622;0,233416916241178;-0,273157619204973;-0,0601180994749326;0,113223128728513;0,0698003406435489;0,0836424269274533;0,102068024110931;0,0199341171291651;-0,0476802957812638;0,139860177368453;0
0,140632928048401;0,131684719323263;-0,0257178392147593;0,0238351339009375;-0,110103957840597;-0,0584426200276401;-0,0592555048244154;-0,084861775509719;0,134572295771328;-0,102155970314521;0,0328456879260606;-0,119212783437718;0,207154264268534;0,248534301934292;-0,212197411081503;-0,176140098664321;-0,0831861853367926;-0,273587575234013;0,145342487764339;-0,166909566374167;0,173448591595316;0,143957773290357;-0,289944383065154;0,288286553662925;-0,287224628506242;-0,191515372209869;-0,207883126989015;-0,201009166200462;-0,025568137074766;0,0695723595411944;0,288347809032831;0,16295315240362;0,0902248495583184;-0,163947012699271;-0,0782842770562523;-0,239152949689615;0,0137183552609747;0,125155870302247;-0,069499793913256;0,160280370420003;0,0647199529285465;-0,116834969669937;-0,105766838278125;-0,228124213882772;-0,122429889659889;0,0619432837694466;-0,189625467564058;-0,0179659854997745;0,0347341239005657;-0,04474597660158;-0,123857803645204;0,084969183435494;0,165278045274276;-0,171457145316547;0,257098001682586;0,287361570667494;0,130942686478967;-0,0233179769682344;0,0203733464977293;-0,209275001540178;-0,141245908948075;-0,148932754533403;0,231392777474497;-0,225686479679317;-0,0998173634379023;0,16057895143189;0,0812487829134131;0,0804148610583556;0,0361321630810942;-0,263730877301338;0,100827961984154;0
0,0823443602704101;0,0865986345886926;0,275748533253786;0,0590568966067367;-0,000402854644197056;-0,0409618043409681;0,228866246727069;0,120030027413364;-0,0584814963662383;0,288796511263639;0,100769274420209;0,0549431258084221;-0,271508576382636;-0,0972562527230515;-0,0873077903121128;0,288361523038795;-0,0290044210345845;-0,130358598472407;-0,0749594318142965;-0,0794092202591319;-0,253650083680241;-0,185903892104932;-0,150911208282528;0,0108398634586281;-0,0770337084475003;-0,0575413312349835;-0,170766774508258;0,16237956546458;0,00767757481767116;0,271380916765483;0,0206460872870366;0,236588267328581;0,00777858529245368;0,145112477323716;0,0844842519938358;0,289056964756251;0,18021592792994;0,0601723739861662;-0,0331855595826667;0,0376369590990123;0,192762855661348;0,147338411527852;-0,211831573045482;-0,207385096894367;0,0486712325411662;0,0868105355676246;0,212214937947683;0,162256188953185;0,27817684278366;0,162903844302545;-0,180433211961452;-0,0799129563786871;-0,179594821014059;0,106364758867244;0,0637916297549452;-0,0224381635341078;-0,0531765730382293;-0,025777746114292;-0,154595810855213;-0,233547939318663;-0,16088144574216;-0,224199734646961;-0,178333963313757;-0,0391759972222719;-0,0225359919328477;0,154867423001078;-0,243521875393481;-0,125934637796902;0,108945911192563;-0,0856783391589142;-0,182540820800595;0
0,201509620888699;0,193513377019709;0,178090024996141;0,0185143399889697;-0,110302079298643;-0,2647587349689;-0,234212527297611;0,252855046826912;0,126842171894325;0,0209301467267836;-0,0423365475519926;0,174889138590369;0,135460146424576;0,161127712817486;-0,190127372243726;0,125496672433191;0,19210024233466;-0,209365568340679;-0,183764000381506;0,0515471218850307;-0,0846927418652182;-0,0759182310680709;-0,0903240361734532;-0,0921680110682775;0,126276174398859;0,0349859589321591;0,118030840086239;0,105837310947931;0,184490225449538;0,0396459950516562;0,0474631598351344;-0,237376138148828;0,0731687660331247;0,0547582491936904;-0,0912564169407016;0,0172600825110534;-0,0669984301007505;-0,202835997031176;-0,116592706855862;-0,0483658444746582;-0,109650461650068;0,0120536229682461;0,00924843315991208;0,0362083298640028;0,172141517719282;-0,10840245732788;-0,023107693828883;0,0903827058696922;-0,123095035598571;-0,261315665341563;-0,144935701818691;-0,207255485365672;0,00202349566461891;0,153460954865505;0,192838336974073;-0,0132585639526799;-0,00684900271628728;-0,0204283798450312;0,18292458149956;0,145398377678648;-0,0921031591456891;-0,0493634223360922;-0,222321594532076;-0,203490239066781;0,264153402801099;-0,0956468253126147;-0,188966043352205;-0,209984518678565;-0,0383022861512624;0,0832989611546703;-0,0981913133755089;0
0,104249823456386;0,197913554424633;0,155288260002602;-0,129488832374351;0,193940051075986;0,205519751681467;0,164154049871994;0,02637688712189;-0,0560077841827103;-0,232592763148408;-0,263038281692903;-0,0617540693629476;0,155119474881651;-0,106104719039102;-0,0359677707086434;0,0512867820960032;0,21039422707707;0,152606328129067;0,212688562921428;-0,266577330682109;0,244116365653731;-0,0950741626212863;0,0286953313749396;-0,246949101238419;0,230399376595474;-0,0563111984091275;-0,0779477436827568;0,0627413429723536;-0,0228980728775528;-0,210122829885125;-0,103809591059768;-0,162001423888495;0,0842924191562083;0,127562063943396;0,0415008906343728;-0,114482623880855;0,137421651571467;-0,00773662866959368;0,289584701807537;0,0719081002753031;0,119683363321169;0,243881148942529;-0,0517540502271793;0,0873047249176061;-0,119751293362236;-0,278295768882595;-0,0867546535042776;0,193300895881771;0,00943475760029263;0,143752808500832;-0,108673854519825;-0,0719044308981818;0,0396955668367593;0,0591898759273296;-0,0516212631197897;-0,0913624298317779;-0,121468192859757;0,111550945331571;-0,0692017930603754;-0,0404351664243368;-0,00721892054522618;-0,18927370900981;-0,241411455910007;-0,136571370207035;0,16190324382081;0,189649558105043;0,144639927390294;-0,263129004971195;0,143080806235975;-0,212171562737239;0,204551546433986;0
-0,0725555601627867;0,15370804223098;-0,149905953263325;-0,0955742780938281;-0,290451199198248;0,247366303515343;0,232077022366783;0,163488608033267;0,218008729568619;-0,2602429608143;0,019437776344922;-0,237379830537389;0,124035534531065;0,18923744054415;0,258781255747863;0,0889894251841954;-0,265583872680571;-0,111503088846264;-0,157823095443299;-0,283700846930548;-0,264815709669554;-0,229221251518668;0,0393334523224243;-0,211559395088921;0,0182706564215286;0,194606188943086;-0,205869095929594;0,216087897006246;-0,0187144355578291;-0,132249280363439;-0,114312064442533;-0,240466326263654;-0,0690800955719187;0,229887677976296;0,254568121552412;0,0650739427802885;-0,101084895809366;-0,135922261888292;-0,0518564798309916;-0,048042317437671;-0,0628587993170904;0,238748753207753;0,00347589328045572;-0,0708786215194869;0,264029719019302;-0,242580294381871;-0,0747605745316222;-0,0351223948417355;0,193808403982397;-0,190026282988603;0,119537384161415;0,139060499784519;0,010217485769824;-0,219157131716141;0,17868084019409;-0,134020724553568;-0,176311826000895;-0,229032974083854;0,176841481394093;-0,194370972231884;0,162548983535487;-0,274697290548912;-0,108483372318353;0,0595715940226075;0,144755519537683;-0,0307823133008744;0,12238668094398;0,184834272464219;0,225355734901188;-0,096979102941875;-0,100612094915889;0
0,161024805117171;0,231039806894177;0,180905637903822;0,0698443682959926;-0,212878046967857;0,0579892711103261;-0,180474342067539;-0,184902698198773;-0,0298354651060506;-0,0213196524347419;0,119939714821592;-0,268406922885601;-0,119374568478676;0,038899751384596;0,0373138516823982;0,0400026038759724;-0,140609379765228;-0,239479578127244;0,0979024301965302;-0,0493006471282668;-0,162738337634962;-0,0220773273729355;-0,148171923508558;0,080095114936292;-0,0788479246776282;0,0565457096166569;0,234590715167298;0,0750522748522803;0,00412561641072621;-0,0742805594164006;0,0310915689136089;0,0302082861665261;0,000101091014821916;0,201272227836736;0,249198994953694;0,198707108799792;0,119998263775452;0,00168491589731648;0,100872471252497;0,0986764202455554;-0,286523899842806;0,246556140024368;-0,0840094694093061;0,117635096112308;-0,248077147195555;0,284396048246139;-0,279795219749127;-0,270014573271438;-0,183244748054166;0,219901498732603;-0,0276903552002424;0,133627434682013;-0,163233111204792;0,243007960095842;-0,228560173190377;-0,107584283419343;0,0885253144932851;-0,18987589294192;-0,141994122935829;0,0212626593249358;0,114084971852478;0,0351597989896309;0,101658101299951;-0,2462413215991;0,238275194561099;-0,200954987254384;0,0221784020090268;-0,0299603804059625;0,0803871723403516;0,129293158792057;0,21069075600997;0
0,148392120246906;-0,0496656334702911;0,289912425860425;-0,0534631631949108;-0,11860806174988;-0,228754273873079;0,0248793962885845;0,0374858462223967;-0,0725575570143173;0,0456545134563339;0,213918872529287;-0,0323893930030041;0,074910533587573;0,244096211693292;0,188150550141046;-0,097245018538132;0,0477795468284301;0,139145985117663;0,0660968624635878;-0,180504621602943;0,0191877408079225;-0,147007377076304;-0,211076603981888;0,275277864302527;-0,0309972829229869;-0,145788377185033;-0,128454563719656;0,170046317460658;0,24356425596828;-0,0284687696723377;0,0408515765662854;-0,05971532970234;-0,0218514909367721;-0,281475673186817;0,114603940462302;-0,107393347757146;-0,162459121155767;0,00578470738130263;0,180734304468953;-0,169516425455714;-0,227040497704749;0,0633246767451331;0,221249849987938;0,266294561778052;0,190852515232641;-0,223137223916815;-0,263938848197072;-0,199651117382942;-0,240561771489397;0,186976447193197;0,265085271090047;0,121580050385824;-0,276396106032686;0,01911136448555;-0,0991834007074022;0,00471308141376014;-0,129275445397853;-0,276051854351553;0,268220535637526;-0,263506100474298;0,190386705756027;0,145519494737376;0,0846080061635667;0,24659762856747;-0,285883479019401;-0,0170522136778233;0,280148513843218;0,06569979086494;-0,16119414467846;0,00485748198874206;-0,225472313291815;0
-0,248691576462322;0,24909809655816;-0,0550731279901481;-0,244150539807644;0,246549479972239;-0,0775708111547927;-0,18668474985049;-0,206261066839564;-0,0985464749156219;-0,172535944897411;-0,219489862246164;0,119921673040605;-0,234098607134368;-0,00286762485293436;0,209957942089911;-0,0740056395791038;0,249723560487128;0,108394143430035;-0,180795556860908;-0,268804318268743;-0,177093682713664;0,0282505876532264;0,153553989033801;-0,0692167153022908;-0,0818735765326753;0,269403086491016;0,265338637329918;0,261491624888003;-0,0827816869989855;-0,212599321850583;-0,0389522231525619;0,252229443204968;0,0452671624313112;0,121762344575563;0,223090431642919;0,163168369737115;0,0693634378669118;-0,0274245116162559;-0,0550464647701915;-0,208402523340897;-0,233277111456812;0,220895628397461;0,0760805946436981;0,199716260332563;0,119190152092741;-0,265088594212679;0,0280201973884843;-0,0412211624890453;-0,205155005199862;-0,233732990008169;-0,26026146255336;0,247992063344355;-0,271085003727002;-0,0170246156519645;0,242307785331299;0,0137442517939011;-0,195142308385091;-0,276542828597307;0,128409452634481;0,267832809390673;-0,0522230325752606;-0,157489958829044;0,167207036068872;-0,176633568974489;0,157102694164601;-0,181032889541682;-0,216031905300156;-0,0651745358004805;0,0647283594135965;-0,243896843556654;0,147317338463434;0
-0,0135383438060663;-0,127245807709223;-0,263079449429461;0,255159209097519;-0,107302895201675;0,242856408918978;0,244524144610688;0,102279548514418;-0,107471398229446;-0,049303526806918;0,0158733839095132;0,175960214178416;-0,139735112900266;-0,243024275206673;0,00374212941253333;0,23262803102252;-0,228394637826174;0,170140975153714;-0,0813402360604319;0,0676242622127556;0,0552198505547691;0,134852451658713;-0,0321928582514145;0,134506925143813;0,214899263281681;-0,236997823580861;-0,037972252291263;-0,248072849741488;0,00953662572497339;0,241629726996927;-0,197491682720485;0,184736894006808;-0,251944577552659;-0,0903639125621537;0,0439632971621565;0,084551455144128;0,28268086161191;0,0185025911599668;0,0589242646235238;0,0615742587843726;-0,148980037086329;-0,0881359612022754;-0,0548055650455228;0,0264499202881409;0,222589999424676;-0,0427637570980096;0,0162557330596878;-0,224295709677266;-0,137325851157382;-0,122974504654752;-0,278323683383432;0,0553709049552553;-0,144617820435422;-0,0208346898599592;-0,198588928000785;0,142295620444671;0,195633466451641;-0,106899958663825;-0,250426470093613;-0,160991487530264;-0,00985775469920862;0,201910578442725;-0,197943493120005;-0,0584147093169226;-0,142498259995883;0,121822905812155;0,137218375821625;0,241315215571338;0,00369884354062018;0,209877090177855;0,24063358532006;0
0,0437891869233089;-0,17946970537926;0,147771921064645;-0,0740821166103658;-0,147330604152405;-0,101028399205214;0,232043637369894;0,202603341628587;-0,0330233955297589;0,0374328592689016;-0,104362958523447;0,179939417325344;-0,158175285529725;0,229266994470908;0,0378238282337095;0,0386682985327799;0,0595765282167503;-0,182461400470819;0,192354092626936;0,179604404601937;0,0988944043662842;-0,0217573546558705;-0,0707706637556617;-0,219254402425869;-0,0602041996196039;-0,18087888399172;-0,28707727163805;-0,121738235625426;-0,189919322296929;0,110704282989816;0,0656269333978001;0,0626918626915642;-0,0565165254257875;-0,0729216740653621;-0,0314264543972905;-0,0558458055749351;-0,00170332559061707;-0,237438989159043;0,239428092061071;-0,047362396259565;0,254276244991197;-0,0188168843829618;0,0732833413455961;0,0922620691102838;-0,196181212085211;-0,268715254792069;0,250918208319169;0,00300471212161903;0,110364327679858;-0,207531808630075;-0,213044568304575;0,133090200132706;0,102031166823134;-0,260413730333531;-0,148947234955674;-0,225139874330271;0,181987374285852;0,0763399075810641;0,276808498918688;-0,257138136070135;-0,104637543476614;0,0630954570858707;0,101836248016066;0,146958737389875;0,262492341780551;0,123631594694438;-0,054230473158318;0,205432804445088;-0,0299929670412511;-0,197016782100805;-0,250314791786053;0
0,00632910146634363;-0,131203076622439;-0,0509699270229493;0,21601457552019;-0,172975127160204;0,195645719907983;0,127653683043504;0,267613225568793;-0,0821753607369848;-0,141110676401439;0,000604432149780765;0,0585838526041661;-0,273073929576304;0,0330624353849412;0,223223149174544;0,25134711177788;-0,086789211001706;-0,214660855019138;-0,0969729959764699;0,0528532360486628;0,212643182737769;-0,223561072168281;0,205879812221756;-0,233411268692401;-0,0995056280041239;0,170033283510422;0,217011019865171;0,120456143239182;-0,0291263908701996;0,0762016342756988;-0,245201012035368;-0,25768873674658;0,0166946938712131;-0,247903432753472;0,0713127461385308;-0,0263931391543041;-0,137685322063366;-0,185741889944271;-0,26665852370492;-0,130099178328804;-0,236352724667102;0,0994130979217215;0,0682974437462229;0,174658956240754;0,185444440283055;-0,286174811427745;0,0842237616829195;-0,176790113904516;-0,251417223303442;0,162970898826009;-0,258127678066062;0,129407243554776;-0,223706386974231;0,0408163977599819;-0,172271558614372;-0,0607962422748249;-0,0463964729347455;-0,108245074239998;0,0248337876148638;-0,0523219947611764;0,269321115952262;-0,283488876105128;0,00605320052954221;0,132309420896766;-0,186596080275521;-0,0323932470130895;-0,248797257176497;0,265515919086618;0,25243610515586;-0,0410701275806022;0,098346017931796;0
-0,191733736966885;-0,238688747223668;-0,257560233557116;-0,00148045519368488;-0,177456331093403;-0,00117210000505441;-0,259465559928448;-0,128169293066006;-0,104017232485828;-0,204876894081947;0,103114717860237;0,0811869506331745;0,0985891262132417;0,0436428964323108;-0,0839218396806939;0,256704066137101;0,266564712020681;0,21505454177035;-0,158577427496094;-0,270683082129008;0,261246168086082;0,0801107383503148;0,0763498869657064;-0,108733878371617;-0,243550264471424;-0,197326518517271;0,226674438758907;0,0705686206068252;-0,0728487286133053;0,253308861658202;0,109394258505751;-0,138539803150926;0,08033932018661;-0,226061535015237;0,224292474810273;0,0774095748689937;-0,256832569326565;-0,248389562955783;-0,285501643430419;0,231062273639679;-0,0776173289157476;-0,270762197083442;-0,161835395808758;-0,138131516588679;-0,124480017817424;-0,0739894108288524;0,19815049022575;-0,202019891444994;0,188012175314623;0,00158910275925909;-0,224675553287728;-0,240225038593182;0,120327116742505;-0,0610734613610437;0,127786265755164;0,0188419405922505;-0,0243522182799245;0,141860060723951;-0,0486166066317104;-0,270816228485582;0,0628398771454889;-0,0393477646258231;0,235365851456749;-0,0666396782345801;-0,0235847366782485;-0,0490318948982871;-0,289838785462885;0,033964245319029;0,110036837531488;0,129355001359762;0,222850219554217;0
0,224267859067014;0,209869769291319;-0,0989532852263238;0,0976206626961891;0,241321949260074;-0,0487402817503775;-0,0762050123550642;-0,274940276463643;0,121125562266878;-0,104790592833571;0,138007914294451;0,173242861201652;0,216248584536886;0,18729799903648;0,0589328811894832;0,031819496016019;-0,149273634361796;-0,0631613848609513;-0,0852358816914277;-0,188924622760532;-0,108006214141066;0,0909134595853772;0,276001000964613;-0,122464019415259;0,252416851619525;-0,215441632630741;0,195490698335272;0,176139635999019;0,215238292990313;-0,0748370412754169;-0,126500171002729;-0,0213703130670326;-0,23202924195459;0,0694252991144923;-0,158256996445293;-0,159408391975051;-0,0714060139406214;0,131992291852217;0,17715073240454;-0,223104193566822;-0,23883362183431;0,126113921278143;0,120944247010862;0,124660780257439;0,215518378760488;0,0780957900819744;-0,271569148989586;0,0367487386383901;0,208168798041718;0,209835024995144;0,150121264808361;-0,19356078572947;-0,0954136966865342;0,027593208210844;0,0401700177858328;-0,157332016427813;0,224555184236156;-0,267175681720514;0,135890226986114;0,166077165981366;0,0464554358238001;0,0383417675553665;-0,199492153544506;-0,0947238123671551;-0,268976837740292;-0,131308188547966;0,114585687246792;-0,143863130487057;0,0548685795723224;-0,072345142744916;-0,18746090595281;0
0,00942048969543656;0,0503742986439589;-0,152818104034056;-0,240777416835671;0,0565662804902407;0,260655628483965;-0,139346195202276;-0,0472959822662971;-0,116365354371899;-0,234558899550605;-0,131944456212568;0,258657253866751;-0,285283147914281;0,0657281098256722;-0,223625801182709;-0,216643032289948;0,0310639657440164;-0,26143113458079;0,28976143589197;-0,0932771603017568;-0,094916748129557;0,286788480775553;-0,279612849486276;0,0211267865188279;0,0135110265197733;0,034919658913199;-0,0750183565314332;0,102951202088282;0,0561401513990039;0,254196518744632;0,16298039740692;0,272566574975518;-0,0101724751228158;0,106609515038503;-0,149985640796526;0,0467513315360215;-0,233282008561928;-0,0223157908629345;0,274290153205042;-0,127301229002328;0,0732149635289819;0,0708067164552327;-0,0384308345514375;0,10994964962252;-0,112286523873082;0,0703709295980655;-0,204895421539675;0,130234493716623;0,245335379351866;-0,205351572167468;-0,207164694406674;-0,173118411815716;0,0557935595898023;-0,269754398352609;0,198142258086197;0,013318424829333;0,0393007322207847;0,116741525356566;0,0363979725540053;-0,269039794332408;0,0449875691059487;0,0483890186188926;0,187250282244149;-0,0798754572070813;-0,106852881048075;-0,113824615278635;-0,0218566869198832;-0,101206247043334;-0,074972665287252;0,0203092831907196;-0,27404743963747;0
-0,237306659302499;-0,245034871876383;0,126376248984848;0,124194292078711;0,12496295132466;0,0345328994175411;-0,0988760831993462;-0,15727310551754;0,233826512831158;-0,0508713354565759;0,0854335656613941;0,148302238645865;-0,0291946923429782;0,170674797241857;0,0454123933131863;-0,0739134005237345;-0,0311044926796567;0,199153672861756;0,127382350283591;-0,283235816594213;-0,0593371180090449;0,23197265249251;0,252643531628;0,118397617801173;-0,265860470999361;0,174242850120534;-0,249241793253806;-0,0738838852388546;-0,289148324503897;-0,198458799391501;0,186997241413109;-0,0854792569055753;-0,0656603197483032;-0,221990548439448;-0,260544451013625;-0,218769955848784;0,220103726514404;-0,10326227452187;-0,217507109147913;0,269471941321242;-0,152509600489319;-0,0166717850353437;0,0932578756322974;0,0725179570336176;0,250240419354005;0,190773195882477;-0,0742414413223229;0,0401361614605118;0,138421141548189;0,250775201154549;-0,281438610149676;-0,00967350399563997;0,0883314003386067;0,0128586838754829;0,0759760942810249;-0,178592895885559;-0,206991987594933;-0,282707784725775;0,0993683471686219;0,241406517113576;-0,0069117232381028;0,265694217948958;-0,158811196923093;0,141598896313209;0,0528178390397651;-0,119773593342481;-0,0767238575152816;-0,0978905598129804;0,140532832346032;-0,02650406674748;-0,00333071112868843;0
-0,218528634067236;0,125974366100219;0,148596824871799;0,159960199804556;0,248021082935749;-0,151971639049237;-0,110560841315067;0,158843614356618;-0,165947250972388;-0,0422021244665933;0,00130846119513214;0,0783813891224067;-0,249237109748996;-0,207706605151275;-0,094015670500701;0,116875758665268;0,212167412285664;-0,0072802268110227;0,208734860781384;0,278908447655599;0,212125095330728;0,0880557942189577;-0,168227210352039;-0,0143027513501053;-0,127517402528828;-0,148547004021701;0,242345395228538;-0,270986297915598;0,0793275967870352;-0,0231893625116909;-0,267037297418792;0,190289745023929;-0,125761207613781;-0,0365805036262124;0,22777643982701;0,155038545813591;0,230420991376257;0,143584899980377;0,118641427254726;0,264065159073128;0,194255269629584;-0,150864983172943;-0,02537081776844;-0,00707777432928026;0,282466231476215;-0,103373587082898;-0,200260503083547;0,0586190855550339;-0,143852906368984;0,0540370639017014;0,00179514610850451;0,200076082907492;0,222484387474098;-0,0147260984936294;0,075230609450033;-0,0158980123767441;0,00351516054280799;-0,127786839687545;-0,00320881357606664;0,105881671047999;-0,103630618368326;-0,13026095930892;-0,211170398339867;0,147928527448753;-0,0658512429572509;0,101705132080653;-0,0865438191732619;0,0780298097866665;-0,144796629068835;0,0416321995951576;0,177141183198461;0
-0,222103903604163;0,164764761843701;0,235356117617706;-0,206033237883435;0,0723036625942215;-0,177259803922052;0,129536979886691;-0,00608256691687036;0,266542600463521;-0,238972916847603;-0,106960106235946;0,163553024362836;-0,265395883024116;0,265701907289255;-0,176426964416835;0,258491773459281;0,179651306789298;0,178875302833204;-0,0470119637056961;-0,139163030638667;0,0675214151543526;-0,143892702353006;-0,277926659702723;0,0770093615320037;0,0338298130290538;-0,230381000742526;0,117387070692257;-0,231912947281479;-0,109925316513888;0,273856647999813;0,0123961030392364;-0,0872707012855815;0,105201309945309;0,167582296612691;-0,0667873661967822;-0,255375094845659;0,277814685765843;-0,0993792765196445;-0,287759469053638;-0,129324624364142;0,164664596565567;0,168982143138775;0,0209350018698625;0,0541681719861528;-0,28735692804183;-0,00312756776230578;-0,2364609312252;0,172913036068948;-0,180110694449866;0,133899774530822;0,0244912899468901;0,189840922862912;0,192901750546311;-0,109891185675626;-0,181066647865342;0,212475214658293;0,152005005636974;-0,132339659823748;0,0508233649969613;0,0119982474272978;-0,00396045870485936;0,0707635112587204;-0,186843666312433;0,283372368373157;0,0393173960226102;0,270997010959086;-0,232334701491922;-0,142291763727357;0,0418028575765868;-0,211738285480626;0,271363503602888;0
-0,0116558326005075;0,175948355977393;-0,208373755251004;-0,0131412112947837;0,189225687925028;0,125858711686581;-0,0414084157794261;0,0736798736643837;-0,25372903511809;-0,284606485426776;0,235160450532759;0,238884163077837;0,0468613248647407;-0,0413210578565265;0,113241596085774;0,010513964077557;-0,0755939202885157;0,0579625285685829;0,0114238350543747;-0,116693684573183;0,11946792968014;0,140483774392844;-0,00907130057148635;0,165322250250167;-0,196785330602603;0,0651393935417578;0,0282490494061553;-0,275835639945907;-0,267667523091466;-0,0614792821798334;0,196517248411607;-0,159576237417088;-0,25905882487869;0,153222686837383;-0,254539293362052;-0,276793849023931;0,110589089887866;0,193936441528608;-0,0796059198809196;-0,204069912937738;-0,0972729944930495;0,0846668824213184;0,0138659842056018;0,00591831694462368;0,0515655066718317;0,122565764090334;0,0569814247322764;0,0340070103202338;0,216762215846286;-0,0302033690279211;0,133945634706043;0,0904321236135099;-0,260307393387238;0,195641815002007;-0,138790841986702;0,138546808916098;-0,105666759360571;-0,0830095895917217;-0,10704229660163;-0,16660012152618;-0,193076753629024;-0,0562591917429687;0,0506609808463997;0,098436662971193;-0,190437317928932;0,104050272040397;0,207256572047077;0,184325053936808;-0,077468180403924;0,0993490292002555;0,190611290099141;0
0,0211560540923262;-0,153117967459947;-0,0751926679173371;0,271265725829316;-0,255885368650628;-0,164068625722208;0,27569679839334;-0,176929672331114;-0,028664678783487;-0,282528447099969;0,284928454995371;-0,201911439882743;0,0532222618459051;0,0952614990235732;-0,184601291111353;-0,189955259939301;-0,164014223971248;0,00132711291463505;-0,102399686368701;0,11955932624609;-0,0970877364298624;0,0102923222207883;-0,203692214264189;0,279693256600736;0,249672613159369;-0,256680514334531;0,206115737143859;-0,0943307810358938;0,238201650540884;0,205995607952706;0,163342786704919;-0,179211225185292;-0,17327322926342;0,0698717567823877;-0,177896835295733;-0,0471363248359926;0,105571690439549;0,215062505082141;-0,173591889245524;0,011929018728856;-0,0906771418444605;-0,196766333170057;0,212308798091307;-0,174758090335661;-0,187318792714946;-0,145034167769676;0,288125134909945;-0,28751125196183;0,284850389091871;0,00331911607024802;0,0805843801088752;-0,107688474887277;-0,265754909944673;0,270476118863616;-0,00298738938044636;-0,279822684037912;-0,240112169105208;-0,0641995086086231;-0,269093303239503;-0,289891270225547;-0,0794979469566164;0,0793411635197838;-0,124444906962549;0,0560261291732566;-0,155184817895437;0,173453264271214;0,262048205290127;0,274036920972967;-0,0175280815901439;0,153221449634089;-0,00484053446939983;0
-0,0883903131439393;-0,115767413749291;0,176357710811893;-0,0804499478188998;-0,191007819169255;0,0886699400389316;0,261752291980922;0,176325633406232;0,104020365019595;-0,254119233335026;0,202940573196239;-0,0884947542183146;-0,0558038814388136;-0,165275188065619;-0,0196551543172537;-0,204142731150069;-0,153062932217586;-0,217827269746616;-0,188760567167271;-0,0977105716402346;-0,120915216861278;0,193469392412194;-0,174387034929427;-0,199259450223978;0,120668110545206;0,218364989701941;-0,1344037469914;0,271113143469226;-0,0700856410767092;-0,116395957150352;-0,276598201972473;0,0207032455377637;-0,159057476451669;-0,282526765369802;-0,121711722656636;-0,282607477047436;-0,151426204847116;0,0602396507730658;-0,102665986120641;-0,0778062081673937;-0,21117804517668;0,0501612738945953;-0,0824272523496479;0,254914379018929;0,00824789575659448;-0,122850498171352;0,222045390385715;-0,0693850986705746;0,155156752331266;0,0869095795118326;0,124424721598262;0,201177774810133;-0,119453930332323;-0,039754394635126;-0,174611733517572;0,00882671035331635;-0,232066794729314;0,0849307451264208;0,0895683575453445;-0,118686392961746;-0,0676127288791184;0,281325564421146;-0,0442751414265091;-0,0702700937395027;-0,268207447272003;-0,108449088250975;-0,220123693676096;-0,0639635319784615;0,247122950500467;-0,0277340931792673;0,237969889606497;0
