0,237963306295268;0,15921279499444;-0,0953094273069021;-0,0255827239457498;-0,111433868108127;-0,0924077417484462;0,00682259483062339;-0,0261886071427441;-0,00260453786265822;-0,099852338309605;-0,0609915809608272;-0,213154425191127;-0,221208743978305;-0,285396356702341;0,284505525209792;0,0584893984259394;-0,0256465274646097;0,308370341348088;0,249065246735347;-0,270682183567983;0,264835334929885;-0,212333934128917;-0,117416303209469;0,0981144085114362;-0,0303702366170622;-0,165469168315399;-0,230815075478959;-0,00744596320042196;0,186318280074267;0,262268184565221;0,100618816307994;-0,0582950981843936;0,102037263842031;-0,0981326350755339;0,185156859985111;-0,162460002856695;-0,201424519556849;-0,143449206527371;0,172172202847499;0,0465767181640383;0,310262085463932;-0,0143634046168249;-0,0273540843412786;0,05718042556923;0,294624373369373;0,235595021667094;0,0839644195377432;0,0190420085822173;0,0521292109258361;-0,0489094599932145;0,046764492402555;-0,347681279672295;-0,198187585783728;0,0823201476146385;-0,241253218224579;0,224262263569797;-0,0810489907951383;0,181905868539526;0,185524257331892;-0,432742129902571;-0,151827133565261;-0,20296040380265;0,161594479254989;-0,0129242179127912;0,0620115005975709;-0,292629701936072;0,0326227056297918;0,161680964000406;-0,148944013267952;0,188765451435083;-0,0462783855789606;-0,0242083462261116
-0,122490736314127;-0,148340804594162;0,0450615404480234;-0,474457562669219;-0,237546894620715;0,0782474235415534;0,515228428575171;0,290873022377171;0,0550046409243029;-0,0690240967035533;0,0324671528716311;0,202856275380828;-0,1778330607249;-0,0600912501475263;0,0628815445488899;-0,174420951890076;0,264503565971989;-0,208895421165849;0,466892841933841;0,456815832525224;-0,125097872625614;-0,0630288468678895;0,235442573434328;-0,0856534240059337;0,300612669011774;0,0328159527705762;-0,268872854644101;0,212403445208482;0,251179077685105;-0,092375448606456;0,215419766201953;-0,140988293165144;0,0907518089054754;-0,295665213191889;-0,0956209951979751;0,20264870133536;0,383170557672754;0,152196018646722;0,0135559061276701;-0,254364088947225;-0,0548505250397518;0,14775562342198;-0,294459757896232;0,135130767746317;0,104657063196574;-0,187912334965601;0,0235025231459073;0,267797725748702;0,239025593322934;0,192452104039846;0,078467480038887;0,25946135922861;-0,137849713496928;0,287915651732975;-0,30797229685485;0,17372902925068;0,0193109759964704;-0,37798229338867;-0,137522025413667;0,295788684660147;0,0517320859135407;-0,338131244845623;0,0765353012469605;-0,161781631924649;-0,1933662019136;-0,155872051776449;-0,261506203184095;-0,103874819303282;0,236196329380034;0,156685291342177;-0,0868370708867016;0,175302419405456
0,0153791686183205;-0,0218389533775829;0,218716681497183;-0,00980562724596469;-0,18817951614742;-0,133243227272323;-0,227888207711531;0,0592679102946534;0,134206058281954;-0,180271585760668;-0,241788374597196;0,221420670473975;-0,235619608002857;0,12359318286175;-0,0915096182775438;0,241760936150886;0,267819210300212;-0,240744315932691;0,0466894872237739;-0,196617500476796;0,123421319657968;-0,216936059039416;0,0249384268423659;0,000337401268086197;-0,0762135431932044;0,106896785832028;0,272809952196306;0,279033194441876;-0,167511541387961;-0,256168545642736;-0,14126331988562;-0,300944803371283;-0,121927153922317;-0,0298904207923183;-0,150444994887044;-0,275491226222534;0,266864089103176;-0,0428739875962346;0,266540074544898;0,0851710447524464;0,0191981066118855;0,0595633616521902;0,142262801306661;-0,20077875991858;0,0314773101854071;-0,216510620262939;0,00893400295237482;0,0157691565593632;-0,158796460376787;-0,0784684093630877;-0,14583938149842;-0,0447822287565256;-0,174633197955485;0,0450287702314831;0,146194429355286;0,00984062638492045;-0,12782851267022;0,630844929427816;-0,227976758881955;0,12952026158475;-0,110930652384167;-0,221972262097839;-0,126943877092974;0,135746922901872;0,405991342223035;-0,246469747791249;0,197608007649953;0,0895832369869759;0,0614897362583087;-0,191882151968204;-0,195358936103049;0,0200810398006048
-0,109292135709621;-0,234651035303443;0,312749446275848;0,16063288809806;-0,271358064168959;-0,0182890404412917;0,30824007349556;-0,301995378174172;-0,0593443742142261;-0,406027152494742;-0,0417518947986058;-0,0473933925521903;-0,304177785798839;0,0782137707840144;0,265728373181925;0,172657940692762;0,239197205143394;-0,0663086465987897;-0,445984769874551;0,137924404138364;0,0590142341777194;-0,237737561468129;0,264148699647575;-0,525459076004187;-0,104042538774427;-0,320597754528198;-0,2033248413421;-0,0112973924862379;-0,398586497908269;-0,0925845875183427;0,198884667724383;-0,282917490952006;0,587609331072591;-0,186326606355312;-0,00176018371385908;-0,249577360299698;0,108475902631197;0,124949532017321;-0,077751465960055;0,358239069246731;-0,0201839973277513;0,416412531343103;0,124628991071528;-0,122038353021862;-0,128652477891334;-0,0865834331027157;-0,16795085496242;0,144580395946241;0,232262818601528;-0,132264039506713;-0,189702510588604;0,440195091835812;-0,0653133730145296;0,00672566727407944;-0,0912567993495101;0,527645755443538;0,0986334224716303;0,228446632981529;-0,142119267783722;0,535025538788373;-0,118880337843579;-0,126804065619936;0,140996135766047;0,553427122056698;0,0425683942209019;-0,0379604968730612;0,112517722580398;0,165690084889279;0,387490878073124;0,0667189360879366;0,128441743971548;0,0516204970705533
0,17502799367532;-0,186561939874576;-0,144710101642601;-0,154276755651261;0,246966636678659;0,0603600549208177;-0,24018839121761;-0,204390851114386;0,264460672103476;-0,276724660396083;-0,0578462424331298;0,0201047389577813;-0,197172604947952;-0,211560390611534;0,227576729006279;0,0625650870128;-0,0441128574760675;0,14322615081278;0,253366856874147;-0,0591051688148116;0,0677088972719687;-0,134866871935695;0,0106807411915386;-0,0523008695515702;-0,153393651300455;-0,241308098427849;0,254317349233369;-0,283927842551221;-0,0436093520776168;0,0583529567582006;-0,0729276200698749;0,181098194690687;-0,271235502080408;-0,0929950946929053;-0,109603317977428;0,156731645628547;-0,214469408638312;-0,145071678776951;-0,0412438033007956;-0,130157962010771;0,010943392076455;-0,310169472569886;-0,016019827477038;0,251141442333033;0,228150015494816;0,121641057431341;0,0358348490875795;0,140700151262618;-0,0604189731050003;0,158746984193256;-0,0942828205956865;-0,273483260436588;0,277393900116076;-0,0442594948895613;-0,11208006425113;0,04616837985693;0,0912637105882523;0,1165294873451;-0,271577304947953;0,162752660485319;0,096908639413631;-0,241181828112974;0,142323299338888;-0,109232917049102;0,0471680552660771;0,0442427706585047;0,00139270799994846;0,183840030092509;0,201768481533465;-0,259361999166107;-0,0448020885354231;-0,0196116118919248
-0,139543172026773;-0,0881884004824887;0,0669595601764737;0,220159102207451;0,0425957111550745;0,176775919180928;0,0191876142012693;0,114147820883704;-0,0149391497970676;0,0612646241719235;-0,173503668349088;0,0610640959537387;0,159152775054351;-0,124396082380132;-0,0813605859466439;0,207851675259648;0,0605224418493102;-0,320992324352939;0,263385124230939;-0,0940266220899947;-0,0753050155917423;-0,16741879964368;0,0348433255407752;0,124364736773055;0,0225816935510926;-0,143948762464293;-0,239399036991214;-0,109179392412081;-0,0830217616586959;-0,171349357909334;0,140009465662436;0,226137931818434;-0,0490175515716023;-0,0859851966489187;-0,175376444955656;0,112933066572238;-0,0905749386108748;0,0993679420126948;0,147496033230551;0,127852986928413;-0,305682584473321;-0,0980811954785542;0,0747754060626436;-0,0887252316650979;0,0108232130075806;-0,00753114577280136;-0,254428565101454;-0,222117809463699;-0,111647397173569;0,121905614857746;0,219547692249091;0,266646895909702;-0,162327776261032;0,273211624415855;-0,254754098352518;0,281203226819109;0,197466572342697;0,213572464692846;-0,0981193313656529;-0,066048367018472;0,122715481818368;-0,171529919913781;-0,196033315961048;-0,206126814226123;0,0795394577878075;-0,0268897349615187;-0,118221119647487;-0,0885828443565678;-0,18354979102952;0,206887909102795;0,107396118864685;-0,000825700394523221
-0,266186222987004;-0,0990489167757801;0,247730038624951;-0,251064764985811;-0,25190428395379;0,104179093563812;-0,208430471618352;-0,142973218079286;-0,317830902221614;-0,179890257579328;0,273957392347819;-0,28876238657666;0,0846152738969128;-0,093405556148896;0,262020669801775;0,150492760478919;-0,108433354030498;-0,13847683346147;-0,139273505779882;0,260982256056375;-0,05350264409286;-0,140191599213873;-0,126190979423797;-0,244650124088148;0,193131356483008;-0,220764524945839;-0,158062971139091;0,0423897705329333;-0,19444403195596;-0,186890089886156;0,125599721303668;-0,285055979050212;0,144169033910265;-0,164111046221747;0,192832997900154;-0,0214333366773786;-0,178761791116124;0,262396787031935;-0,271300135010245;-0,126500318957452;0,066905545801098;0,146934596841896;-0,0799722837055929;-0,173324968784136;0,158849781493781;-0,153290195264057;0,0315176142658705;0,277685319222752;0,193406120730656;0,0223718658050434;0,27963233005899;-0,260463181677344;0,27613297535399;0,138757608664223;-0,24587477520891;0,149002364697488;-0,279619233745416;0,14245386926377;-0,186145389508989;0,236106351041342;-0,0277181522779831;0,0595737498543334;-0,282455435304372;0,16166338686747;-0,046690444822651;0,296935803691387;-0,107183193315925;-0,0510612375857884;0,0021998227938866;0,0331177732171987;0,0564417406179143;-0,00320250857044869
-0,0926276117929062;-0,125845179491616;0,197934594046221;-0,144463475081871;0,0953357531835693;0,256857748584128;-0,243171504231428;-0,139071393744605;0,0172269072486181;0,0360133039487377;-0,144921050921848;0,139116158216209;0,0785206746287022;-0,175655067309619;0,0936965178619834;-0,246088037000015;0,265493303460391;-0,222276220984676;-0,310533907911078;-0,0964747017209688;-0,0570057612177155;0,137186639396453;-0,251790161056784;0,135655280264766;0,279995986695226;0,116969250002507;-0,00332563157289083;0,143633624788627;0,123892366719719;0,248316737652386;-0,207846826838747;-0,0123517053036748;-0,13491451101598;-0,283750464613149;0,0482255187706545;0,147866076722845;-0,263640362496057;-0,03581439987536;-0,0705557703556268;0,187562315459013;0,184848023384721;-0,0269768312192945;0,0313525856690932;-0,147613728488032;-0,172774579652013;0,224155754845268;-0,0647425963891295;0,0783516333662201;0,173620925784492;0,211870886452825;-0,0856843622811734;-0,159494204174236;-0,0516130027698453;-0,271061402348798;-0,218114399135529;0,059861407791858;-0,1662982182017;-0,306138413558287;-0,125082783067238;0,261361934145367;-0,0297528732561185;-0,0934819680053923;0,0264444120461114;0,0482267195900091;-0,0410085405849041;0,1501608010652;-0,0668650919732678;0,0717476614979076;0,0645403376506438;0,160791783389751;-0,273937973001162;-0,00123192100802577
0,118526631164762;0,142392535711641;-0,230757508712354;-0,126198024577116;0,147919213656991;-0,170432735797309;0,00293715432953336;0,44145319796375;-0,485183223942426;-0,0102678477310575;0,213663737969829;0,338984217146678;0,241340130518489;0,149974221093903;0,222518733483752;-0,241480367760082;-0,193077191144954;0,0605877260321277;0,418185181869074;0,0502455267760359;-0,357609964945843;-0,315276785320135;0,0443343084659161;-0,0362017642962801;0,102388865013884;0,260780604527648;0,203812212630539;0,252479687715579;-0,0338274901428312;0,00162308464559343;0,15316969806112;-0,294240651088304;0,131011766743236;0,230591474860341;0,179130244973965;0,00400515266216464;-0,0507196618472269;0,0847561581916838;-0,188940392267596;-0,191287695209553;-0,0551848733075835;-0,035839140773527;-0,152389654924524;0,0220478790499162;0,290741154207802;-0,0427664583267838;0,0845065656923251;-0,219602273422956;0,0200660720024725;0,0984540249725437;-0,25553634991959;0,392952318998983;0,121171044465849;-0,0440623948818345;-0,250905276344275;-0,0662404380912677;-0,111795587024447;0,146072279563712;0,320806477660123;0,683898447352006;-0,0768180459845809;0,0658002709288742;-0,166078276615033;-0,139154110467243;-0,0625929803984235;0,353072893297088;-0,227427680949086;-0,24729439173376;0,162317336929718;-0,00740747225296857;0,342325067268648;0,0702418228104905
0,215642242999752;0,113235802317794;0,3688357276188;-0,157051102409506;0,199717114166652;0,244435190351515;0,301316788232474;0,146135068024395;-0,142667414513087;-0,264587456904821;0,128764362752839;0,0038596794359353;0,153288422258851;-0,108169711434879;-0,276154309369994;-0,0825526552581679;0,0713117468290366;0,433821990558258;-0,00201840844744143;-0,0166387287007723;-0,140716471799389;-0,0162214804806246;-0,22789756534504;-0,209004561737601;0,0706821539457383;-0,181729298340686;0,0623816290266965;-0,267331133254991;0,360659859666504;-0,0772700505883284;0,0484453345673128;-0,0409526129538686;0,182957351072437;0,145577732409362;-0,290407294352803;-0,245318255504555;-0,260704912277359;-0,204421774029862;-0,0129128420916693;0,0510933101995163;0,157322216538855;-0,0757895238922828;0,249399193494428;0,482991986791766;-0,131644194584022;-0,0897683755913944;-0,0443770829633504;-0,195832402441845;0,108321025728448;-0,0086181520452598;-0,0204001568462298;-0,321696447527976;-0,131936352282419;-0,307343001914799;0,0609989911229763;-0,0672103890087764;-0,046634181591117;-0,00520427963954593;-0,173481309713085;-0,279471380532037;-0,111448829299208;0,318259312154842;-0,261877743560802;0,523444757898077;0,217348113402772;-0,18313621768397;-0,192908387566198;-0,294556801740549;-0,236108598721783;0,265622246978818;-0,235072932744506;-0,0507615689557707
-0,0834980917209193;-0,0702544024715525;0,377984320988854;0,513519965468449;-0,00878369533995962;0,0782919152688587;-0,229018813149294;0,0437617464892221;-0,150922498194909;0,161380066888057;-0,0202641012895131;0,0139927249183665;-0,00828921092629581;0,220030640664592;-0,0293948653277256;-0,241469485212459;-0,232382175994688;-0,239625364332049;0,247867268732748;0,107756260185944;0,12622485725872;-0,292226052459237;-0,424553271919418;-0,189527948820915;-0,0837265938788003;-0,202319004796474;-0,231632182594485;0,247272795942377;-0,0643372310910898;-0,193795220296555;-0,0504353460642157;0,315804631276688;0,522062872254998;-0,138730133587027;-0,229470795245025;0,19726842348639;-0,378087135591851;-0,189624114080178;0,146002134333427;0,177575650724849;0,257512023950724;0,250381708720073;0,410721370896364;0,194049505976528;0,158284598681623;-0,117740793857331;0,150696412041232;0,206020672117939;-0,0501808889018858;-0,131358365804725;-0,246444069670429;0,126590342529053;0,029553811826873;-0,105845942580958;0,0185219153023488;-0,14694598302906;-0,0178510302060534;0,181899223116028;-0,217130136242588;-0,402876893373612;0,0219787846633287;0,177683639600233;-0,220365265666739;-0,0876419445598666;0,0541199591049473;0,160193665861618;0,24384639253616;-0,284001692769806;0,22680047331478;0,242697698124753;0,417676444632137;-0,0716441658577862
0,346747618250795;0,163882355327531;-0,210710445154857;0,350775137242352;0,313996778869248;-0,204533920434821;-0,0919476422642388;0,176053269053422;-0,241416107590879;-0,209263023196187;-0,149502239870692;0,133802047256314;-0,229993777604164;-0,184775045728471;0,0402469279592949;0,0979941027960347;-0,256137137293749;0,163483390396076;0,293336300393851;0,104336492477064;-0,0767446999916352;-0,184606301577755;-0,455965545681462;-0,0663228355736094;-0,3346852001939;0,199692157333047;0,053518389854476;-0,15252469212169;0,219010518215576;-0,0726323605094407;0,152771337675493;-0,168623969638052;0,413828039395736;-0,0045527758984913;-0,199528399551071;-0,170463761632324;-0,331458774502917;-0,0119414384973227;0,286973172838801;-0,14516787588729;0,608526355495053;0,115115929995379;0,285158460228227;0,57310118882399;-0,0712351388539644;-0,238844326018107;-0,209660188995746;-0,188071296462235;0,228202525538341;0,179683145058746;0,106845151063388;-0,123491934633054;0,269141349535351;-0,20772359817139;-0,115870475236284;-0,074273911952;0,0257173838503499;-0,437311047664157;0,0636162263606279;0,192009311715653;0,0439168335809564;-0,0476125003388704;0,213714025454645;0,371303168884822;0,130770100135453;-0,102514291072233;0,15491522336533;0,0624982736452616;0,158411454684104;0,268354549160419;0,217404920941905;0,0146173193553705
0,120121418797744;0,238550036744854;0,146911543670683;0,00511393615921374;0,256556830141733;-0,122024592033197;-0,106311244701966;0,189733961884235;-0,252828930727878;0,111710901289122;-0,0497988780573875;-0,0582414027396282;0,0451749880257251;0,110180923843571;-0,00980406408776031;-0,130428010616235;0,134383779934892;-0,172163267673796;-0,00100716291976582;0,0784759930165113;-0,284107526839657;0,221618613956976;0,26983112300766;0,0349924641825562;0,152111101190477;0,091108123034616;0,211020859328165;-0,065267942447829;-0,185119802095486;-0,0951093935054659;0,0602995168561672;-0,102049847180821;-0,0252990320990442;-0,163527936356797;0,272655022222471;-0,0810236729855287;-0,245769659229331;0,0463532339044951;-0,0966977923991844;-0,0408492641704482;-0,189757393973251;-0,166634543263666;0,0410112960021674;-0,200299605734209;-0,206841381735383;0,163895458077571;-0,108060072519411;-0,131701854934515;-0,269823514149169;0,199316839344885;-0,275250839950599;-0,0979468424842693;-0,0947555979140431;0,129939445220831;0,0473354242470345;0,190317322020826;0,257899469370108;-0,179666367340366;0,142691569683937;-0,123143232968714;-0,0423670560344307;0,252898047744145;0,0906749194198927;0,133135769931256;-0,238241831488727;-0,237087179986351;0,256920778233913;-0,0827091154980798;0,130179679304216;-0,224708473154296;-0,178154058552586;-0,000807583537223668
-0,0641138015561524;0,247567203841932;-0,363025867380276;-0,0317719747973024;0,245184140957745;-0,107151350928154;0,238245384559071;0,158832852090672;0,38679317360897;0,0915610999216148;0,0530526578457145;-0,100629956969479;-0,0750968061177005;-0,023575675146319;-0,122488406483493;0,284801811646507;0,103681511766486;0,182484190212871;0,152502299279272;0,17401477199984;0,35395457245289;0,393706882747641;-0,285594669585094;-0,0887743471709812;-0,0622015188799873;0,142641797070407;0,193962124223113;-0,24224917626963;-0,165319080058239;0,194250338166381;0,265819088953762;0,0351104341267456;0,101164598774736;0,0684492185679669;0,415954903383676;-0,0369574857621361;-0,04715125830093;-0,0368359990411846;0,194138704516806;-0,0791065224068099;-0,0983930625362221;0,23014652110051;0,162357253090604;0,18532578045031;0,375243323442997;0,0467156668385363;-0,106344645896738;-0,0430028056607308;0,160758444865192;-0,236210629504189;-0,166376777173455;0,218695289695397;0,0771114912503304;0,213861481850098;-0,115983615114682;-0,205196443187225;0,202538726991078;-0,373086853915253;-0,0953488839705144;-0,388626904923791;-0,00172946059290515;0,0469053988597554;-0,0835845579933849;-0,423009994235201;-0,246493047920861;-0,321182523094604;-0,0350942961122618;0,177155863912103;-0,0538883719012094;0,38343092575544;0,320758525923284;0,0973891505383887
0,00385867772882274;0,200223386376234;0,483559556354731;-0,128836744665352;-0,3296112393229;-0,251659684385428;-0,0246554426223814;-0,304197196231433;0,269904452955001;-0,235344559679933;-0,0579909511889486;-0,276551347149684;0,276842841217167;-0,0453739244396933;-0,156217173891598;0,271613538213674;-0,0348787936653459;0,0524877547494339;0,0665390682330151;0,200586865092168;-0,194606382900017;-0,354413487212225;0,254727865769868;-0,288983129291938;0,000832741949861091;-0,0475345616704814;0,0720512292727861;0,0386093127690907;0,190907710630047;-0,208797136938383;0,0648582400895629;0,284548698012156;0,629258258055337;-0,0833681587534931;0,0672591707630278;0,185038581288086;0,309554736775011;-0,0982879627459492;-0,143488088772922;-0,0872560348741329;0,0981686746169142;0,437440339981863;0,0103624539778473;0,415373638375444;-0,476322193308586;-0,0433410388742722;-0,0607944054582696;0,00174019475941939;-0,190180226017654;-0,250849315447719;-0,158859147847426;-0,00245792424864999;0,210460269161262;-0,207903059266552;0,0227432037676549;0,225162021560568;-0,127149867701773;0,341566191403249;0,161971533911609;0,069039629268827;-0,0402214221581864;0,0670205538464707;-0,050417085761171;0,264095719642755;0,0652409847293942;-0,0744169284529098;-0,162154497830861;0,0303773162962997;0,314792492151999;-0,144316348090028;-0,358238866903807;-0,00099007912167061
0,210263802752993;-0,146879096184203;-0,135049326338747;0,0689600536927082;-0,224317360316887;-0,0336161360315989;0,17002180193729;0,632644254428731;0,140644844761303;-0,401152339171838;-0,234373435972443;0,0286363950567503;0,0615830454257717;0,22673514082306;-0,155958005855553;-0,214359712840447;0,112688747231338;0,204771920582433;0,141860999409796;0,271148010039946;-0,125098802409621;0,0529843671957059;-0,28341676765014;0,596486074473561;-0,231677797493883;0,102195470782408;-0,260860259022201;-0,0835126345079104;0,602209858953638;-0,202638415685165;0,182761864203965;0,170761368682037;0,28385744079588;-0,263530852899401;-0,116572753027352;-0,115114057698196;-0,00645002965060016;-0,0179040702500547;-0,132694002970611;-0,498053886548946;0,479564740404852;0,212348319198221;0,0362871860491421;0,798035090290667;-0,171549867809815;-0,211992324388808;0,0784538884117123;0,0592464832088823;-0,0210841987929265;-0,113551405622659;0,0225897910494479;0,178850755564948;0,0362762534910181;0,184355451161669;0,0422287394939654;-0,41296969686922;0,0637560211034429;-0,577411348692282;0,029900583282701;0,0167239931563876;-0,072339585515941;-0,0743111566739711;-0,118548034957369;0,318516794417134;-0,419840345902706;-0,0107105454097609;0,00898728695410894;0,14769085904404;-0,150344533492874;-0,00626838714596147;-0,047945585978314;0,121289883456988
-0,0241204133108425;-0,0583937799520726;-0,443249556213463;0,248538598960244;0,0131649549417835;0,120556858189355;0,26350282099318;-0,0242881111535677;-0,263657768871337;0,386972060998535;-0,0225716702002045;-0,289682242606692;-0,0764030919870438;0,102359914365705;0,278710896957887;0,241608630215015;-0,384490413013799;-0,108101634197785;-0,171869102165774;0,137200186919058;-0,283582685561821;0,110865320393532;0,0976166607529642;0,192102648256066;0,0622225845835927;-0,102409698204287;-0,257575957849473;-0,0170936872964952;0,210960672528251;0,0127553093622273;0,26365201971203;-0,242581066212384;-0,260812882473683;0,129860831131629;-0,117338529449349;-0,115475066813183;0,0150883626463717;0,184542417511453;0,189055761007948;0,065267677989569;0,145797059811;-0,589560019618345;0,0943009520855422;0,123214121756165;0,372660765148693;-0,198248670596013;0,253061083606201;-0,187265111424924;-0,169593002815921;0,0586617464429318;0,0523331446826736;-0,156324878849352;-0,162631044658835;-0,0332642893590358;0,0271519165216098;0,0552322993464497;0,176406433346535;0,24529160184765;-0,0656529679482136;0,28384132865238;0,0835556596077951;-0,108690833397856;0,121939343371001;-0,0826422224197645;0,460812545476531;0,0636149208189472;0,210541565316935;0,0608370762565853;-0,00851228086348814;0,283519993212345;-0,0850981186501694;-0,111062212193533
-0,160510253918192;0,0402646673474455;-0,0955272886798699;0,0284693387641982;-0,302049214713948;-0,275171356835629;0,533474225018771;0,146863523298395;0,160472289101177;0,0682477889861;0,21447452795018;-0,164023834304248;-0,233966004733519;0,303411457800546;0,109114462530401;0,237357913934121;0,132518221602388;-0,278463351270938;0,0399126150167897;0,259908992086087;0,277518616653459;0,178494392580566;0,0252963558525489;0,26527399958775;0,13596559313324;-0,129521355616205;-0,236709740542999;0,168052816787008;0,0105381361522009;-0,0773944182163136;-0,131818708944989;0,0532639837685222;-0,255405170557889;-0,204455280972238;0,153785717959105;0,107226666669231;0,159271793387445;0,302833610782493;-0,12084152844177;0,184876300599775;0,231590452043236;0,11718254171776;0,179290184163291;-0,381727030598738;0,27628544804552;-0,231164027905639;0,0145568102944112;0,0556432831400535;-0,175240820698215;-0,0566959947080515;-0,272804098056141;0,152216607464792;-0,237612345284828;-0,233979500098599;0,018607685102115;-0,0710550671098974;-0,252130306445515;0,324577330097789;-0,130686686084078;0,363285788825272;0,248586355946778;-0,289489412056471;-0,25458927084318;-0,381151496983728;-0,212594845562946;-0,146230422986206;0,0542031221842486;-0,261708080846353;-0,0687920425059834;-0,100940394836258;-0,120803547273751;0,0609351163399288
0,170636913183385;0,110289455627192;0,0275563465630375;0,0470349751102181;-0,27350030142064;0,0890827802374118;-0,179826027951392;-0,267156749190386;-0,185252985527863;0,149504111232428;0,000297769398078914;0,0296481553227113;-0,183242732963195;-0,0931732422642808;0,169235728920029;-0,0308251306743663;0,0482168406949604;0,0167583486062053;0,196542327397019;-0,112383293284703;0,0222734341809929;0,0157373298761645;0,137325033231926;0,126869426183237;0,131105014490672;0,118893911317681;0,2496769520175;0,258083884710442;-0,0411577571673769;0,000622687897548031;0,0036260874949956;-0,206025847178138;-0,234280295038599;0,274363029595644;-0,28226243028298;0,153403740926908;0,000510974876498631;-0,0766321967948618;-0,0432471202473396;0,181821138355038;0,125694691341944;0,160946947429037;0,164634555072706;0,218953634504494;-0,0587613927859806;0,0312944889882581;0,235895512575458;0,0956977760614996;-0,10933432416764;0,168279497085012;-0,284181093232042;-0,166974662610144;-0,0144672633637827;0,0246262886120782;0,219188819696153;-0,13471893745207;0,219268934883632;-0,0177092705207044;0,172161888562764;-0,146800033005093;0,127455876673553;-0,0763274524207665;0,0295146870849615;0,16376330218983;-0,127772018801064;-0,104377073467898;-0,080766846724414;-0,155073468331404;-0,151001255026468;-0,367875889404977;0,17985487833059;0,00373042244195934
-0,152791572943883;-0,219686449352687;-0,411623696903239;0,127602911759901;0,0236356636647709;0,174634693983966;0,585301860065674;-0,139753146111123;0,055182188263444;0,283055786597721;-0,142340538006293;0,0121011131784781;0,141950559493943;-0,0494446142169457;-0,223675442565538;0,0926089878788158;0,0576682373027314;-0,293310271117906;0,396595134153996;0,642707968542058;0,193002625380763;0,148001450731143;-0,270554848692615;-0,0725348691994233;0,0718224395640859;-0,188592434064388;0,234021239325899;0,0572744211368128;-0,174850788483145;-0,190335849337641;0,100376612739691;-0,089985657483683;-0,207260256595735;0,221828756555313;0,301354553606627;-0,155525968978169;-0,0668987503296749;0,251933692422341;-0,298420335588609;-0,0117286400910164;0,160566322511519;-0,169222405274194;0,0719643309142802;0,0620651684883273;-0,107641182957978;0,140278149532862;0,182041699149106;-0,0508423552876198;-0,216086217160528;0,108322563962384;0,141730681074386;-0,145001502945875;-0,0163690032657405;-0,264226813639003;-0,308156706227316;0,0113727636743975;-0,284684386308235;0,232047615896575;-0,143109071662957;0,0125659346074409;0,206580240811645;-0,132126426883198;-0,121972001780945;-0,354851226112198;-0,248683095750113;0,294116671022974;-0,132522012856885;0,145404618600195;0,092600772707508;0,480832861294595;-0,136881263718313;-0,0180612058856477
0,107389029306638;0,261624266312613;-0,137711390014776;0,204545612499003;-0,0326979174943134;0,230957424020719;-0,0231715579873761;0,0984503747013404;-0,00442858423319894;-0,0444811966813184;-0,0035493392981012;-0,0525812448356404;-0,0860910153286696;-0,035423237207863;0,0117624144161126;0,267738165827237;-0,195816981783857;0,238947070928787;-0,322083500264794;-0,254900649417556;-0,0470663041081721;-0,0289915556097544;0,0737202103158166;0,047944795828831;0,0487515556270402;-0,258288411542373;0,0221626967341067;-0,095242684923553;0,03573438858917;-0,0676621534154737;-0,271791858654129;0,12196176663414;-0,109490294393408;-0,0453487486627638;0,203615661044429;-0,184271201529738;-0,223534752801664;-0,163986018113145;0,0161760929551541;0,167835770708671;-0,0670817112147932;-0,158053509043443;0,0686551332239683;0,311977680419259;-0,0590016519123599;0,235957498893972;0,263191026581282;0,0772571982801154;0,0800459825684012;0,225785069100589;-0,164277199463088;0,0712162912593768;0,0859454744607935;0,0712661634389406;0,203218714477815;-0,138330504913479;-0,151554949191133;-0,0504346984856307;-0,170163381599324;-0,104128340486228;-0,0806537021939122;-0,124262937154548;-0,251039876149264;-0,129540572398099;-0,0435017207104909;0,140032078351628;-0,244139784900653;0,261646351712357;-0,0117624885639627;-0,171088783962497;0,127261790580618;0,000687419242664852
0,29872198767769;-0,075389011280174;-0,118390816895435;0,189822630246103;-0,388998559274976;0,215875497293651;0,18378365169331;-0,0670605216513594;0,159847892501785;-0,088233908861077;0,238715389930474;0,0323077056477006;0,20453849047906;-0,219566372871354;-0,135308984379836;-0,265227940701433;0,151644038082024;-0,22547633689013;0,428303799442873;0,54409939051981;0,0539014345275428;0,228514376741296;0,000473658254662537;-0,083752513065294;-0,0706605722657849;-0,195326737843259;-0,0725580875894493;0,0230970312953885;-0,134870900332851;0,192168913863562;-0,29295301910678;-0,245652944008355;-0,00812446288539981;-0,232850589374232;-0,0530289420812803;-0,0731418859507113;-0,097298681721882;0,260766070644558;0,113671030039856;-0,235502600920224;-0,336335247026055;0,0219820054532034;0,0676804033305063;-0,307296231730984;-0,0744493079695588;0,0303204286191289;-0,0920346048409946;-0,232704217945656;-0,183675870529097;0,133753097624292;-0,0745579399496863;0,301077491448647;0,289407805707874;-0,0540534754554717;-0,204676614346795;0,298688780989916;-0,104169930661722;0,0878822962633649;0,109990223231808;0,329629819990736;-0,0219100779600625;-0,323043105800668;0,0252835021700792;-0,0493232894819079;-0,502312351937854;0,410373934829656;-0,0841268294509146;0,0552616671125059;0,371446883910497;0,331416252987515;0,284568561785185;0,0426669929641446
0,320077787567234;0,228526250806017;-0,137551583711106;-0,0665238341107886;-0,191903801349244;0,00812792212071947;0,31785620714356;-0,248548814171581;0,107856846013022;0,30902651560265;-0,133508122294854;-0,106054430148397;0,21215277362163;-0,022597040221707;0,0709977515725351;-0,114229626899952;0,193399615979663;0,347905148088867;0,0334799298360422;-0,0479186157498258;0,175021344860169;0,342922979491418;0,166038870647259;0,348642176986008;-0,0200654527251552;0,231252787260616;0,0122026225905771;-0,185885071843868;0,205024938286876;-0,232517859905094;0,13664260719607;-0,167132500693354;-0,0484641446475755;-0,208460663074041;0,0209970891571039;0,00454648854035003;0,15762253452139;-0,238851371614478;-0,234494973610329;-0,0368504447150588;-0,0437493780476367;0,158844289306102;-0,109081154562382;-0,23062831266581;-0,0519378740520623;0,191581863233324;0,146010464749927;-0,00524113271156061;-0,0154056215061913;-0,0191898790401263;0,0638605743065175;0,113703960283986;0,0481028332685794;0,0748790259889381;0,246652965393594;-0,268758326417062;-0,223332044741679;-0,0694398967527034;0,297905314131981;-0,151478344216436;0,291597431271504;0,0977171465731288;-0,0939108458780709;-0,0801972825153226;-0,259462107641665;-0,267837012392359;0,214097435057011;0,14389155379252;-0,292098601403417;-0,150022529108708;0,177751937927169;0,0122261134509526
0,238520497819287;0,244300281777651;0,247363554070855;0,228715491852716;0,442805434723737;0,0948445001162867;-0,0421175910105805;0,300037495070732;-0,0552397594916124;-0,281048102685255;-0,269389350830541;0,173158051319122;-0,120013762109141;0,0445113233423651;-0,239504893944703;0,0726305879055841;0,190218179406889;-0,195390534716645;0,00454395079890855;-0,105292632978657;-0,165333967808579;-0,212695399806037;0,0318764169207577;-0,0380698423912276;0,0352108784513836;-0,0346287521964023;0,220483751565438;0,251639971417784;-0,181659066052874;0,27111896795743;-0,266360086843572;0,00991493160125777;-0,0157387723852668;0,132331424603486;0,153965903170278;0,207527035807528;0,103689523155024;0,214887928025706;0,335026718683848;-0,11281737738873;0,0629892219636067;0,259362462145192;-0,00288302893198032;-0,140156971866455;0,322233783332791;0,288651397328738;-0,22214850944763;0,239744906704319;-0,252177700098553;-0,0360555296304639;-0,280783676640816;0,0298415174064909;0,132974139124161;0,202751396350666;0,0231136921869236;0,0978781074558248;-0,15719652595123;-0,230633964502945;-0,221317946632119;-0,110372593358227;0,174420057226067;0,122388782674583;0,00347675669966454;-0,0158935393144594;-0,342361584251632;0,0186328589763412;-0,10658348953147;0,0407828003915192;0,137450467151314;-0,131296697543268;0,41714768678475;0,0909426925809268
-0,258499996112759;-0,158918332375751;-0,308555415346742;0,270736123007163;-0,0154731687809788;0,11290930979397;-0,140675378633064;-0,0157474326833057;0,0351467825758982;-0,099825617873153;0,271239267250528;0,210356986313215;0,12766468484153;0,280080115301583;0,0180358424213726;0,183762066739591;0,0527554408831419;-0,182993400017605;-0,273319206056365;0,00318562197292693;-0,12654614409783;0,0582588671726696;-0,02939742281054;0,0130110495720249;0,116826314637245;-0,207785006574453;0,158356048869214;-0,107688666695917;-0,0938560353215713;0,0983924316760904;0,0747246263746551;-0,183014549623564;0,147114519455965;0,0151631879793839;0,256669088873456;-0,15526948398248;0,0399848902696554;0,144251496869787;-0,284457518824024;-0,271380525306465;0,152297309769343;0,186720262852576;0,00789836558709617;-0,181203400179238;0,232399557825869;0,218040441186821;0,178104617256513;0,0987379170718938;-0,00841217662990336;0,153429312988903;0,110083135576354;-0,126078342484876;0,0709556749902479;0,101563920886526;0,0820191842150828;-0,040424279996682;0,188663930324457;0,0227909476442452;-0,130355489840109;-0,0183833044843693;0,249289755185458;-0,273165479603657;-0,222584821720808;0,232657336930487;0,128224229783655;0,177206778802904;-0,233171531574846;-0,177183434470563;0,298424000916076;-0,142141202638096;-0,133595851842205;-0,0292154676016443
0,457940914870329;-0,165326375126195;-0,28219144983795;0,195732887197583;0,210501848780645;-0,203646794787852;-0,369682451787932;0,480459076232495;0,0851474322564673;-0,0271179980126621;-0,222547700003962;0,387388846020903;0,0363145347250965;0,491261913805089;-0,111207865769652;0,0607939242005546;-0,198030934739613;0,217277967546731;-0,223306073401857;-0,364737225237486;-0,22631819012508;-0,00554771945934994;0,240974577006759;-0,35366075354379;0,0857267941630217;0,215136505026916;-0,0125753653831585;0,0636756607376481;-0,34784829027039;0,184227454260288;0,0642894701487917;0,0920638595187482;-0,293102331056304;0,0612234000662436;0,156079285085462;-0,204865998349762;0,364618388161911;0,302341010217491;-0,0978527508616523;0,144853440462671;0,404124445295627;0,267486412774102;-0,0271513383301616;-0,536262243200907;0,586727432261138;-0,143348735912342;-0,00435037063027361;-0,278714432965035;-0,113101828968971;-0,211270912988831;0,223733111751153;0,0956934239880106;-0,0583513777577513;0,328001889744208;-0,129602932114408;0,0405237282562235;0,029851173598973;0,721579293389276;-0,173513737279316;0,621122825660613;0,129062140449027;0,0312883679484581;0,116170521952048;-0,164107378539553;0,527949603022002;-0,0520053507640559;0,167053944645401;-0,179385618490286;-0,165593433241119;-0,243642235413827;-0,242728142002914;0,146398359038164
-0,174526952181115;0,0856653035183257;-0,178395033833704;0,151942059967794;-0,128523699009299;-0,220468521444002;0,00868536050953653;-0,146181122751642;-0,0179811588063208;-0,103450049958759;-0,0246675587821051;-0,114902592043483;0,248258182316437;0,241546215502067;-0,114910494949525;-0,176975749760381;-0,0329025137218857;-0,100448745980842;-0,0411793361037859;-0,0381431267001007;0,0685782961621371;0,20990670413664;0,0985988864873004;0,0545086552290509;-0,244741116589406;-0,222217346852934;-0,059630362104344;-0,107980699961162;-0,0689788767280542;0,0817001335028848;-0,0595336321203843;0,214960504823501;-0,294668234877356;-0,239238631838012;0,0645161179310063;0,0824019546823658;-0,160583963216031;0,262784223108299;0,192814723243498;-0,194732324873349;-0,306871480291539;0,0607616407635522;-0,0429827126100682;-0,174200907459676;-0,169012476489295;-0,143494493250881;0,119883702270482;-0,233934243663261;-0,0520054787172227;-0,15408357200873;-0,212059064565916;0,0881866535388628;0,0850205459426221;0,112441258076584;-0,042726571616867;-0,0801806480688087;0,244168425336657;-0,00554280877901475;0,139336775317481;-0,19974429968513;0,129488462773597;-0,15496522262989;0,228174534500495;0,204725024605392;0,235012191234096;0,0334761963495021;-0,16184531431416;0,205330311730801;-0,127859308608757;0,0526735391130587;0,236985766109692;-0,00208409040067836
0,0255947362683428;-0,00567081118391648;-0,262913309902657;0,336382997147639;0,605424590073591;-0,0515368486562547;0,232030328108738;-0,348727123533851;0,470038842696977;-0,0134519767373544;-0,117728178313573;0,328692195549535;-0,212605492372758;0,00447188776132074;0,0765529456646501;-0,17593954563372;-0,0447263635179936;0,374215718109304;-0,432052088020849;0,144687855099835;0,146670590163024;0,078062588912586;-0,160713045956562;0,0342394116476161;0,018317792918844;0,166578676608345;0,0351630160203141;-0,130273611386847;0,259314870544022;-0,2782731194013;0,202162419454925;0,181262056868846;0,0887026622220041;-0,134760669315346;0,187045476324807;-0,134383171731323;-0,0344162179360259;-0,281021368910892;0,0274152605394722;0,7289295451994;0,273852557660305;-0,361802973942864;0,3649616543361;0,217516985559646;-0,039102287040984;-0,0923961693544493;0,137309824372169;-0,0561702087602537;-0,10780256273473;-0,0716754251151287;0,195641760804191;-0,522368938741303;-0,288069502647317;0,245422419743752;-0,0802686258169926;-0,286194071557989;0,155070765088207;0,480599819560038;0,195781117307545;-0,313956578390287;0,205759935571524;-0,000377832933823573;0,136252696425563;0,397034046319181;0,609417044145945;-0,0938023478114341;-0,158104027652697;0,207191819924122;0,129085194612502;0,109513223446918;0,0579594657931621;-0,114302216485636
-0,181181289425702;-0,177065373632754;-0,198153178192811;-0,113332229816974;-0,0419972681025993;-0,121920815212219;0,180892001539262;-0,1846842034331;-0,0505490217423213;-0,232217098214714;-0,195974102383785;-0,287079957312615;-0,139638944777005;-0,14747546412013;0,0937139622229827;0,144099290764584;0,16849242241749;0,225137462148013;-0,0592151338138517;-0,0510141891259632;0,0737851674350581;0,00635017879070483;-0,157821654970455;-0,197762872377324;-0,169231841138716;0,0129756480047545;-0,221302617911652;-0,161657234996918;0,22915971303153;-0,194731535676566;0,209737553861234;0,0247741891951692;0,16142431789197;0,0333265555583187;0,109190813953808;-0,283724001598896;0,157920666079626;0,162301377854778;-0,280763417165489;-0,33951133717555;0,186173585911794;0,1016420683361;-0,0878542695382616;-0,223662908999935;0,159627989966477;-0,167100006003742;0,0144170745204813;0,0638429011365966;0,248520557646536;0,143623676390947;-0,0561665303815093;0,252336768207233;0,0263415526499743;0,331197891687243;-0,16487619388181;0,134595245897845;0,257003831045832;-0,322604026591071;-0,256655815316113;0,182235576714128;-0,188237369267943;0,0809248119552166;-0,211602449908625;-0,215916363209054;-0,215446444987956;0,0635753885365616;-0,206551472334553;0,116784090822608;0,0490360973853972;0,04902010879079;0,299405450114396;0,0368289419037287
-0,185212002709014;0,276202175002681;-0,171428395049768;-0,00808418736417007;0,256940121479287;-0,226111933856476;-0,303003419366927;0,147277569980191;0,274554523009957;0,289233208323773;0,00174180847106993;-0,0667999601935944;-0,22538700719727;0,228561827545313;0,22091956288403;0,288909742419779;0,245335367166629;-0,0676307467309999;0,255970442781414;-0,337089751861944;0,145339229038563;0,106148220002094;-0,299112670288201;0,338866323169927;-0,194506595700283;0,133974344910362;-0,264451582177244;-0,278589969616832;-0,113778575494273;-0,255130685627485;0,208844139669646;-0,211663710587292;-0,142126899641112;0,179068756815908;-0,143327667065401;-0,252092370053242;-0,186302013635505;0,0719043928480169;-0,069805969270271;0,0838962399256053;0,405491206349149;0,187011592113737;-0,324478030700326;0,406793205496367;0,180117494219473;-0,0522156600889664;0,266223662644498;0,00111303165540467;-0,0974144333522943;0,0879409174072083;-0,120972834172602;-0,0276326261528059;0,076776651666694;0,127663146184492;-0,140786304667418;-0,0944159887730381;0,15970363700176;-0,151791836378177;-0,0989271317732403;-0,14725177606826;-0,246991692753737;-0,235919895625574;-0,0940507030748528;0,291560750110836;-0,32427157021662;-0,0617642556602432;-0,286327162802241;-0,0443687737975077;-0,0252878940363899;0,282880096250407;0,178280433679743;0,0928418149321764
-0,0930781547032426;-0,280565100883797;-0,180254277666926;-0,157846156413447;0,280193165265011;0,0324323935346405;-0,182394308039475;-0,208947158510064;0,158219522307963;0,0613953467542933;0,0234583058206087;0,137210259438559;-0,0419263204291914;0,155309268145387;0,0189979609943054;-0,0875529747723521;0,12067579428561;0,0208865318868692;0,185573742358502;-0,160909549017112;0,110258166667518;-0,195536522803748;-0,279067966636725;0,0457008144710312;0,14711514500759;-0,106318851547479;-0,212262357417755;0,177704502804611;-0,193961500357789;-0,0604116273647556;0,0482014849622771;-0,267928065890823;-0,0566165955531123;0,196879577587953;0,223984229837295;-0,115719290327247;-0,0190073008540202;-0,0952039581065452;-0,139262121819851;0,231148870543822;0,0132272149930167;-0,100015319431568;0,00083883983750399;0,104042472864879;-0,00439918758866552;-0,106917731862121;0,255922846023114;-0,200161557111615;0,0413140556345104;-0,227873047432593;-0,111194244501363;0,155037094877389;0,0731728028585806;0,0613868852415392;-0,232723165608643;-0,172839516203015;0,285946576570376;0,00491163369993188;-0,0412750351917521;0,055396374720205;-0,0492349131926204;-0,0551011239609955;0,268540380443007;-0,0679092637667709;-0,275814370995922;-0,00624312569305069;-0,0894999206780348;0,0512315630034153;0,216562523448505;-0,180795604040027;0,195311517448313;-0,00597868279331485
-0,139286002355929;-0,12888281024123;0,209998782313194;0,0799067821124228;-0,0982158811377254;0,105587505470947;-0,11193691093392;-0,304252522722781;-0,0420654046780258;-0,0722498870864409;0,274573316501848;-0,156402410483235;-0,247654400846863;-0,249150326863858;0,139380977540775;-0,0474184110816328;0,15083696202392;0,129430291697868;0,0616837873861434;-0,164322508514418;0,257138918896938;0,217568525229832;0,0248164511207625;0,00404299059305616;-0,193826790494355;-0,0736649545466193;-0,237236586295599;0,0843403208021538;-0,275804219357266;0,267482098583575;-0,0853321655177609;-0,124888424583808;-0,152123052169721;-0,129368690382178;0,263559533575764;0,0217430255981878;0,0834349885428877;0,232374714445088;0,121143948948593;-0,0320412031066572;0,0525872255753249;-0,0676846859410824;0,251585048113745;-0,120583357633605;-0,0568759536813992;-0,18630773699448;0,212653311925751;-0,103264675413207;-0,125547855212758;-0,240165703963503;0,0443642886837779;0,128594910956756;-0,206236596649803;0,213266516815187;0,225258283304195;-0,0366634800801939;0,0960284185052027;-0,118123638573658;0,0193672147005836;0,253062047680557;0,0435194180046679;0,128210003309699;-0,25719859212721;-0,0129196529951371;-0,282363168637548;0,0875510077279432;0,220771972745754;0,170342094439263;-0,206711781065245;-0,228925854607514;0,0718419950313296;-0,0261188093727904
0,228299800457744;0,277895976895332;-0,311571439669041;0,0901322309926916;-0,1054962497749;0,224755283858767;0,0300558106975332;-0,327954952602586;0,451006849012929;0,178999849670452;0,157395934530209;-0,101275062878853;0,251257004389858;-0,0725088099713205;-0,000946435907232649;-0,225389100610271;-0,0768192750642132;-0,0171537255769328;0,143192781305763;0,381045130235977;-0,0166289031453275;0,0482504487368959;0,218882170656123;0,412231581167922;0,393256426083788;0,0362763198553771;-0,00305693872194093;-0,145864968010482;0,216737658969228;-0,126250620601739;-0,26695572031823;-0,189360061289095;-0,400659087708626;-0,0926606976749829;0,320675838437105;0,204599582775588;0,371808645030799;-0,129192919702257;-0,0306256921707504;-0,0342532019599254;-0,197738620655547;-0,200155228536502;0,0358716493481963;-0,0778538823505325;0,277544992450478;-0,104486042879155;-0,212872809723681;-0,223273195336659;0,0112215346614128;0,0467090930949628;-0,0167141670450985;-0,0183774712374458;0,113277956063146;-0,102013786945336;-0,0215313853855177;-0,0334210553828185;-0,15310071153482;-0,0669858307249844;0,165697522581281;-0,307482015312391;-0,069329255388481;-0,288363112230131;-0,12154663028474;-0,0289849715221467;-0,127958061628616;0,0710658134014412;-0,106479403671765;0,0281557992133417;0,0862085695935285;0,181901834091809;-0,220999510810114;-0,0390851885137889
